last_name,first_name,isbn10,title,flipkart_price_usd,flipkart_rating,flipkart_ratings_count
Sheldon,Sidney,8172234902, Tell Me Your Dreams,3,4.5,902
,,1862305277, The Boy In The Striped Pyjamas,5,4.5,83
Lamba,Anil,9350294311, Romancing The Balance Sheet,7,4.5,352
Michael,Bar-Zohar,8184958455, Mossad,4,4.5,560
Das,Kamala,8172238975, My Story,2,4.3,322
Kalam,Abdul,8170286840, Inspiring Thoughts,2,4.2,357
Solomon,Northup,8175994479, 12 Years A Slave : - A True Story,2,4.4,56
S.,Zaidi,9350295725, Headley And I,4,4.2,46
Chetan,Bhagat,8129137429, Making India Awesome,1,4.1,1779
Gabriel,Khan,9386850133, The Dirty Dozen - Hitmen Of Mumbai Mafia,3,4.5,32
,unknown,9386867168, Commando - Mossad,4,4.4,30
Freny,Manecksha,8129145715, Behold- I Shine,1,4.5,49
N,Chokkan,8173157685, Corporate Guru Narayan Murthy,2,4.1,10
and,Zaidi',9351362256, Byculla To Bangkok,2,4.4,458
Banerjee,Robin,9351500616, Who Cheats And How?: Scams- Fraud And The Dark Side Of The Corporate World - Scams- Fraud And The Dark Side Of The Corporate World,5,4.6,11
Robin,Sharma,8184959893, Little Black Book For Stunning Success + Tools For Action Mastery,3,4.4,104
Markus,Zusak,1909531618, The Book Thief,4,4.5,558
Publications,Dreamland,9350899175, Refreshing Mandala - Book 3,3,4.6,28
,unknown,9350899477, Rejuvenate Yourself- Floral Patterns,2,4.4,22
Savi,Sharma,9386224399, This Is Not Your Story,1,4.3,5133
Savi,Sharma,9386224399, This Is Not Your Story,1,4.3,5133
,unknown,9350945746, Iq Tests Book-1 - Boost Your Intelligence,1,4.2,67
Stephen,Chbosky,1451696191, The Perks Of Being A Wallflower,2,4.5,1897
Ruskin,Bond,8129118920, Great Stories For Children,1,4.4,2909
Publications,Dreamland,9350897954, Creative Doodle Colouring - Animals & Birds,2,4.6,35
F,Susanne,1590300866, Coloring Mandalas 2,12, , 
Amish,Tripathi,9386224585, Sita,3,4.6,7022
David,Richo,1570628122, How To Be An Adult In Relationships,11, , 
Coelho,Paulo,8172235631, Eleven Minutes,3,4.4,2201
,DK,1409323498, The Animal Book,8,4.6,5
Murphy,Dr.,8172345666, The Power Of Your Subconscious Mind - Unlock Your Master Key To Success,2,4.5,631
,Amish,9385152149, Ram - Scion Of Ikshvaku,3,4.4,6160
Amish,Tripathi,9386224585, Sita,3,4.6,7022
Anand,Neelakantan,9386224445, The Rise Of Sivagami,2,4.4,2442
Bhattacharya,Shouvik,9386643723, Murder In A Minute,2,4.4,338
Lewis,Carroll,8175992980, Alice'S Adventures In Wonderland Online Written,1,4.8,16
Bajpai,Vineet,9352685482, Harappa - Curse Of The Blood River,1,4.4,614
K.,J.,1408855658, Harry Potter And The Philosopher'S Stone,3,4.6,5577
Geronimo,Stilton,9385887815, Geronimo Stilton And The Kingdom Of Fantasy #8,5,4.5,626
Ruskin,Bond,8129118920, Great Stories For Children,1,4.4,2909
Stilton,Geronimo,9352751183, The Dragon Of Fortune - An Epic Kingdom Of Fantasy Adventures,7,4.6,1132
,Herge,1405206209, Tintin : The Crab With Golden Claws,4,4.8,186
Rajani,Thindiath,9350853736, Suppandi 3,1,4.4,175
,Herge,1405206195, King Ottokar'S Sceptre - King Ottokar'S Sceptre,5,4.7,128
Miller,Madeline,1526603330, Circe,5,4.5,148
Sheldon,Sidney,8172234864, Bloodline,4,4.5,362
Geronimo,Stilton,9351033287, The Super Chef Contest,2,4.5,307
Miriam,Bos,1509808361, The Jungle Book,2,4.8,5
,,1409312135, Peppa Pig: Amazing Adventures Sticker Book,2,4.5,11
R.,Narayan,8185986002, Swami And Friends,1,4.4,1423
Amish,Tripathi,9381626340, The Secret Of The Nagas,3,4.6,6674
,Amish,9382618341, Oath Of The Vayuputras,4,4.4,8408
J.K.,Rowling,1408711702, Fantastic Beasts: The Crimes Of Grindelwald - The Original Screenplay,6,4.8,245
,Herge,1405282754, The Adventures Of Tintin Volume 1,9,4.6,19
K.,J.,1408855666, Harry Potter And The Chamber Of Secrets,5,4.7,3839
Ashwin,Sanghi,9386850648, Keepers Of The Kalachakra,3,4.4,670
K.,J.,1408855674, Harry Potter And The Prisoner Of Azkaban,4,4.6,3250
Geronimo,Stilton,9351032167, Geronimo Stilton,5,4.6,690
Gaiman,Neil,1526602067, Norse Mythology,4,4.7,105
Christopher,Doyle,9385724223, The Secret Of The Druids,3,4.3,182
Singhania,Nitin,9387067548, Indian Art And Culture - For Civil Services Preliminary And Main Examinations Second Edition,5,4.6,5444
,unknown,9387067718, Bharatiya Kala Evam Sanskriti,5,4.5,1046
Tzu,Sun,8184950888, Art Of War,3,4.3,236
Singh',Meena,9352534751, Icse Art Of Effective English Writing Class - 9&10,4,4.5,193
J.,Donald,1784758248, Trump - The Art Of The Deal,4,4.4,63
Shelja,Sen,9351770729, All You Need Is Love,3,4.5,34
R.,Narayan,8185986010, The Bachelor Of Arts,1,4.3,158
Batliwala,Khurshed,9352641345, Ready- Study- Go!: Smart Ways To Learn - Smart Ways To Learn,2,4.4,574
Nhat,Thich,1846045096, The Art Of Living,6,4.7,26
Narasimhan,Bhanumathi,9386850575, Gurudev - On The Plateau Of The Peak - The Life Of Sri Sri Ravi Shankar,4,4.7,60
J.K.,Rowling,1408711702, Fantastic Beasts: The Crimes Of Grindelwald - The Original Screenplay,6,4.8,245
Agarwal,Vijay,8190702564, The Art Of Study,2,4.5,64
,unknown,8125056866, The Orient Black Swan School Atlas,4,4.4,707
Publications,Dreamland,8184511213, World Map,1,4.4,48
,unknown,9357941495, World Atlas,2,4.3,35
,,9332510210, Longman School Atlas Updated Edition,3,4.2,32
Publications,Dreamland,8184511523, India Map,1,4.3,29
Experts,Disha,9387421007, Disha Children'S Yearbook 2018 - General Knowledge Fundamentals And Current Affairs - Disha,2,4.3,42
,unknown,1472311310, Our Earth - A Family Reference Guide,7,5,3
Stephen,Chbosky,1451696191, The Perks Of Being A Wallflower,2,4.5,1897
Liane,Moriarty,1405911662, The Husband'S Secret,5,4.4,44
,,9960899551, The Sealed Nectar: Biography Of The Noble Prophet,4,4.6,96
Wijeratne,Yudhanjaya,9353023335, Numbercaste,3, , 
Joseph,Dr.,8192910962, The Power Of Your Subconscious Mind,1,4.5,4640
SHARMA,ROBIN,9387944891, The 5 Am Club : Own Your Morning- Elevate Your Life,3,4.6,895
Napoleon,Hill,8192910911, Think And Grow Rich,1,4.5,2871
,unknown,9312147307, General Knowledge 2019,0,4.3,8181
Karna,Binay,9384761540, General Knowledge - Lucent Gk Book,2,4.4,6418
Norman,Lewis,8183071007, Word Power Made Easy,1,4.4,25786
R.,Aggarwal,9352534026, Quantitative Aptitude For Competitive Examinations 2017 Edition,6,4.4,15290
Coelho,Paulo,8172234988, Alchemist,3,4.6,16859
A.,Tushar,8193769716, Manorama Yearbook 2019 First Edition,3,4.6,1126
,unknown,9388026586, 24 Years Upsc Ias/ Ips Prelims Topic-Wise Solved Papers 1 & 2 (1995-2018),4,4.5,2348
Dale,Carnegie,8192910997, How To Win Friends & Influence People - The First And Still The Best Book Of Its Kind On Self-Help,1,4.5,231
Keller,Jeff,9351772071, Attitude Is Everything,1,4.5,5887
,unknown,9384761141, Lucent'S General Science,2,4.2,1903
Arun,Tiwari,8173711461, Wings Of Fire,3,4.6,16362
Banerjee,Chitra,9353025982, The Forest Of Enchantments,5,4.9,15
Rujuta,Diwekar,8184001053, Don'T Lose Your Mind- Lose Your Weight,2,4.3,3440
Preeti,Shenoy,9380349300, Life Is What You Make It,1,4.1,10007
,,8179925919, The Theory Of Everything 01 Edition,2,4.2,18
of,Panel,9388036662, Oswaal Cbse Sample Question Paper Class 10 Science (For March 2019 Exam),1,4.6,350
of,Panel,9388036689, Oswaal Cbse Sample Question Paper Class 10 Mathematics (For March 2019 Exam),2,4.5,410
Singhania,Nitin,9387067548, Indian Art And Culture - For Civil Services Preliminary And Main Examinations Second Edition,5,4.6,5444
,unknown,9313161419, Cbse Chemistry Chapterwise Solved Papers Class12Th,2,4.5,1958
,unknown,9313161427, Cbse Chapterwise Physics Class 12Th,2,4.5,2200
Orwell,George,8192910903,1984,1,4.5,339
Robin,Sharma,8179922324, Who Will Cry When You Die?,1,4.4,5611
F.,Fitzgerald,8172344562, The Great Gatsby,2,4.4,654
of,Panel,9388036670, Oswaal Cbse Sample Question Paper Class 10 Social Science (For March 2019 Exam),2,4.5,248
,unknown,9387949222, Objective Ncert At Your Fingertips For Neet-Aiims - Biology,8,4.4,492
K.V.S,Madaan,9332551731, Cbse Ugc Net/Set/Jrf,3,4.4,2001
D.,Pandey,9313163292, 40 Years' Chapterwise Topicwise Solved Papers (2018-1979) Iit Jee Physics,3,4.5,1603
Martin,Wren,9352530144, High School English Grammar & Composition,4,4.4,1197
Rajesh,Verma,9312149830, Fast Track Objective Arithmetic,3,4.4,2808
Duhigg,Charles,1847946240, The Power Of Habit,4,4.4,1682
Amish,Tripathi,9381626340, The Secret Of The Nagas,3,4.6,6674
Sadhguru,Vasudev,9386867508, Emotion & Relationships,2,4.6,1150
T.,Robert,8186775218, Rich Dad Poor Dad,2,4.4,5259
Amish,Tripathi,9386224585, Sita,3,4.6,7022
M.,Laxmikanth,9352603869, Bharat Ki Rajvyavastha,5,4.5,3230
Amit,Agarwal,9313163314, 40 Years' Chapterwise Topicwise Solved Papers (2018-1979) Iit Jee Mathematics,3,4.5,1636
Rhonda,Byrne,1847370292, The Secret,7,4.5,6680
,Amish,9382618341, Oath Of The Vayuputras,4,4.4,8408
Ranjeet,Shahi,9313163306, 40 Years' Chapterwise Topicwise Solved Papers (2018-1979) Iit Jee Chemistry - 40 Years Chapterwise Topicwise Solved Papers Iit Jee Chemistry With 0 Disc,3,4.5,1712
,unknown,9387504913, Oswaal Cbse Question Bank For Class 10 Science (Mar 2019 Exam),3,4.5,1879
S.,Bakshi,9351768449, Objective General English,2,4.3,10558
,Amish,9385152149, Ram - Scion Of Ikshvaku,3,4.4,6160
Publishers,Oswal,9387660400, 10 Last Years Solved Papers - Cbse Class 10 For 2019 Examination,5,4.3,598
Chetan,Bhagat,8129142147, One Indian Girl,1,4.2,37246
Dale,Carnegie,8175993952, How To Stop Worrying And Start Living,1,4.4,93
Experts,Arihant,9313169886, Current Affairs Yearly 2019,1,4.7,9
Stephen,Covey,1471131823, The 7 Habits Of Highly Effective People,5,4.4,2290
Arun,Tiwari,8173711461, Wings Of Fire,3,4.6,16362
M.,Gandhi,8172343116, The Story Of My Experiments With Truth,2,4.5,239
,,8179925919, The Theory Of Everything 01 Edition,2,4.2,18
Kalam,Abdul,9350293471, Turning Points : A Journey Through Challanges,2,4.5,4059
E.,Smith,8175993286, The Autobiography Of Benjamin Franklin,2,4.5,90
Ray,Kroc,1250127505, Grinding It Out - The Making Of Mcdonald'S,4,4.5,26
P,A,8129124912, My Journey - Transforming Dreams Into Actions,1,4.6,3580
Nayar,Kuldip,9350292203, Without Fear - Pb,2,4.6,557
Sourav,Ganguly,9386228564, Century Is Not Enough,6,4.7,2653
Michael,Bar-Zohar,8184958455, Mossad,4,4.5,560
Marino,Andy,9351770257, Narendra Modi,4,4.5,194
Solomon,Northup,8175994479, 12 Years A Slave : - A True Story,2,4.4,56
Alice,Calaprice,8184953542, Albert Einstein,3,4.5,157
Rashmi,Bansal,9386850702, Touch The Sky - The Inspiring Stories Of Women From Across India Who Are Writing Their Own Destiny,1,4.3,104
Thapar,Karan,9352779843, Devil'S Advocate,6,4.6,108
Sebag,Simon,1780220251, Jerusalem: The Biography,5,4.4,66
A.,Kalam,8183224202, My Journey,1,4.3,176
Ruskin,Bond,9386338904, Lone Fox Dancing - My Autobiography,6,4.7,135
Kalam,Abdul,8170286840, Inspiring Thoughts,2,4.2,357
Narasimhan,Bhanumathi,9386850575, Gurudev - On The Plateau Of The Peak - The Life Of Sri Sri Ravi Shankar,4,4.7,60
Caioli,Luca,1785782312, Ronaldo 2018 Updated Edition,3,4.3,26
Mukherjee,Pranab,8129149052, The Coalition Years,4,4.6,207
Mary,M.C.,9351160092, Unbreakable,2,4.5,553
Jane,Austen,8172344503, Pride & Prejudice,2,4.4,629
Yasser,Usman,8193284186, Rekha,3,4.3,127
Singhal',Aditi,8184005210, How To Memorize Anything - The Ultimate Handbook To Explore And Improve Your Memory,3,4.3,598
P,A,9352643836, Pathways To Greatness,2,4.6,483
Swami,Vivekanand,8170289262, Inspiring Thoughts,1,4.1,499
A.,Kalam,9350487977, Meri Jeevan Yatra,2,4.4,305
,Yogananda,8189955357, Auto.Of A Yogi (Telugu),2,4.5,59
S.,Manu,9351776425, The Ivory Throne,7,4.6,371
Satish,Agarwal,8175994711, Shirdi Sai Baba: - Reflections For World Peace And Happy Living,2,4.4,13
Anuj,Tiwari,8129149567, I Tagged Her In My Heart,1,4.5,452
Yasser,Usman,9386228580, Sanjay Dutt :,3,4.5,122
Hosseini,Khaled,1408844443, A Thousand Splendid Suns,4,4.5,2540
Ma,Sheela,8172344449, Don'T Kill Him! - The Story Of My Life With Bhagwan Rajneesh,2,3.6,46
Kalam,Abdul,9350641003, Turning Points,2,4.4,235
Sushil,Kapoor,9350484080, Lauhpurush Sardar Vallabhbhai Patel,1,4,4
Purandare,Vaibhav,8174369589, Bal Thackeray & The Rise Of The Shiv Sena,4,4.2,62
Ghose,Sagarika,9386228343, Indira - India'S Most Powerful Prime Minister,5,4.5,149
Joseph,Dr.,8192910962, The Power Of Your Subconscious Mind,1,4.5,4640
,unknown,9312147307, General Knowledge 2019,0,4.3,8181
Napoleon,Hill,8192910911, Think And Grow Rich,1,4.5,2871
Coelho,Paulo,8172234988, Alchemist,3,4.6,16859
Keller,Jeff,9351772071, Attitude Is Everything,1,4.5,5887
Arun,Tiwari,8173711461, Wings Of Fire,3,4.6,16362
,,8179925919, The Theory Of Everything 01 Edition,2,4.2,18
SHARMA,ROBIN,9387944891, The 5 Am Club : Own Your Morning- Elevate Your Life,3,4.6,895
A.,Tushar,8193769716, Manorama Yearbook 2019 First Edition,3,4.6,1126
Dale,Carnegie,8192910997, How To Win Friends & Influence People - The First And Still The Best Book Of Its Kind On Self-Help,1,4.5,231
Robin,Sharma,8179922324, Who Will Cry When You Die?,1,4.4,5611
Savi,Sharma,9386224399, This Is Not Your Story,1,4.3,5133
,Amish,9385152149, Ram - Scion Of Ikshvaku,3,4.4,6160
Sadhguru,Vasudev,9386867508, Emotion & Relationships,2,4.6,1150
Rujuta,Diwekar,8184001053, Don'T Lose Your Mind- Lose Your Weight,2,4.3,3440
Orwell,George,8192910903,1984,1,4.5,339
Chetan,Bhagat,8129142147, One Indian Girl,1,4.2,37246
L.,Pichon,9351033007, Tom Gates,2,4.5,238
Norman,Lewis,8183071007, Word Power Made Easy,1,4.4,25786
Dale,Carnegie,8175993952, How To Stop Worrying And Start Living,1,4.4,93
Coelho,Paulo,8172235437, Veronika Decides To Die,3,4.4,1393
Preeti,Shenoy,9380349300, Life Is What You Make It,1,4.1,10007
Joseph,Murphy,8183225101, Miracles Of Your Mind,1,4.3,1399
F.,Fitzgerald,8172344562, The Great Gatsby,2,4.4,654
Amish,Tripathi,9386224585, Sita,3,4.6,7022
Sharma,Robin,8184951191, The Leader Who Had No Title,2,4.4,1344
Tom,Gates,9351033015, Everything'S Amazing (Sort Of),3,4.6,166
,,1862305277, The Boy In The Striped Pyjamas,5,4.5,83
P,A,8129124912, My Journey - Transforming Dreams Into Actions,1,4.6,3580
Pease',Barbara,8183220142, The Definitive Book Of Body Language,4,4.4,643
Rhonda,Byrne,1847370292, The Secret,7,4.5,6680
Rhonda,Byrne,1849838399, The Magic,3,4.4,2498
Rhonda,Byrne,1849838399, The Magic,3,4.4,2498
,unknown,9350598485, Accounting & Finance For Bankers,4,4.5,693
Meyer,Stephenie,1904233910, Eclipse,4,4.5,558
,DK,1405353295, The Philosophy Book,11,4.8,42
George,Summers,8172242212, The Great Book Of Puzzles And Teasers,2,4.2,552
Publications,Dreamland,9350896540, My Baby Record Book,2,4.2,48
R.,Aggarwal,9352534026, Quantitative Aptitude For Competitive Examinations 2017 Edition,6,4.4,15290
,unknown,9313163802, Prep Guide To Bitsat 2019,7,4.6,84
Robin,Sharma,8184959893, Little Black Book For Stunning Success + Tools For Action Mastery,3,4.4,104
Napoleon,Hill,8192910911, Think And Grow Rich,1,4.5,2871
Joseph,Dr.,8192910962, The Power Of Your Subconscious Mind,1,4.5,4640
T.,Robert,8186775811, Rich Dads Business School For People Who Like Helping People,2,4.5,1281
Pankaj,Goyal,8175994401, Before You Start Up - How To Prepare To Make Your Startup Dream A Reality,2,4.3,29
Allan,Pease,8186775056, Questions Are The Answers,1,4.4,1891
Keller,Jeff,9351772071, Attitude Is Everything,1,4.5,5887
Pillai,Radhakrishnan,8184951337, Corporate Chanakya,2,4.3,700
Satish,Deodhar,8184001630, Iima,2,4.4,1706
Stephen,Covey,1471131823, The 7 Habits Of Highly Effective People,5,4.4,2290
SHARMA,ROBIN,9387944891, The 5 Am Club : Own Your Morning- Elevate Your Life,3,4.6,895
Raghuram,Rajan,9352770145, I Do What I Do,6,4.6,2416
Napoleon,Hill,8183223656, Think And Grow Rich - Magic Formula For Success- Wealth And Wisdom,2,4.5,413
T.,Robert,8183223362, The Business Of The 21St Century,2,4.2,102
Pabrai,Mohnish,8126564636, Dhandho Investor The Low-Risk Value Method To High Returns,4,4.3,181
Kanth,Miriyala,8129123932, Entrepreneur 5 P.M. To 9 A.M.,1,4.1,320
Robert,Kiyosaki,8183221645, The Business School,2,4.4,149
Subramanian',K.,8183222366, The Business School,3,4.3,125
Burke,Hedges,8182744466, Copycat Marketing 101,1,4.3,548
T.,Robert,8183223664, Ekvisavya Shatkacha Vyavsay,2,4.3,82
Pattanaik,Devdutt,9384067547, Business Sutra: A Very Indian Approach To Management,5,4.5,294
Lamba,Anil,9350294311, Romancing The Balance Sheet,7,4.5,352
Chris,Guillebeau,1447286316, The $100 Startup,4,4.4,198
T.,ROBERT,8183223273, The Business Of The 21St Century,2,4.3,73
Blanchard,Kenneth,8172234996, One Minute Manager,1,4.4,1087
Pease,Allan,8186775064, Questions Are The Answers,1,4.3,1308
Kourdi,Jeremy,1444796119, The Big 100: The 100 Business Tools You Need To Succeed,2,4.1,28
Shanker,Manshani,8183222692, Naye Zamane Ka Naya Business,2,4.4,118
Allan,Pease,8183222374, Questions Are The Answers,1,4.2,145
Easwaran,Jayaram,9352773691, Inside The C - Suite,3,4,5
GANDHI,POONAM,9387516806, Business Studies Class- 11 - Cbse-2018,5,4.5,33
Damodaran,Aswath,9353024536, Narrative And Numbers: The Value Of Stories In Business,4, , 
Napoleon,Hill,8186775552, Sochiye Aur Ameer Baniye,1,4.2,665
Gandhi,Poonam,9387516644, Vk Business Studies Class 12 - Business Studies,5,4.1,35
Joseph,Josy,9350297515, A Feast Of Vultures,8,4.5,195
Rashmi,Bansal,9380658389, I Have A Dream,2,4,1007
Boothman,Nicholas,8183226957, Logo Ko 90 Seconds Main Prabhavit Kare (Hindi),3,4.4,9
Napoleon,Hill,8183223133, Think And Grow Rich - Magic Formula For Success- Wealth And Wisdom,3,4.3,196
Kotler',Philip,8126566930, Marketing 4.0 - Moving From Traditional To Digital,4,4.4,64
Allan,Pease,8186775447, Questions Are The Answers (Marathi),1,4.3,30
Business,Harvard,1422157970, Hbr'S 10 Must Reads On Leadership,8,4.7,30
Robert,Kiyosaki,8183221459, Retire Young Retire Rich,4,4.5,125
Donald,Trump,8183220908, Hum Aapko Ameer Kyon Banana Chahte Hain?,6,4.2,43
Rashmi,Bansal,9381626707, Connect The Dots,2,4.3,992
Pillai,Radhakrishnan,8184953070, Corporate Chanakya On Leadership (With Cd),3,4.3,68
Prateeksha,Tiwari,8128824287, Corporate Guru Dhirubhai Ambani,1,4.6,44
Expert,Arihant,9313161443, Cbse Chapterwise Solved Paper Business Studies Class 12,1,4.5,172
Ruskin,Bond,8129118920, Great Stories For Children,1,4.4,2909
Ruskin,Bond,8129137003, The Essential Collection For Young Readers,1,4.4,191
,unknown,8184511590, Lovely Board Books - Gift Pack,6,4.2,233
J.K.,Rowling,1408711702, Fantastic Beasts: The Crimes Of Grindelwald - The Original Screenplay,6,4.8,245
Pai,Roopa,9351952967, The Vedas And Upanishads For Children,3,4.9,8
Brown,Wise,1509829466, Goodnight Moon,2,4,34
Books,OM,8187107588, 365 Pancharantra Stories,5,4.4,242
Ruskin,Bond,8129124548, The Blue Umbrella,1,4.5,571
Chetan,Bhagat,8129142147, One Indian Girl,1,4.2,37246
,,1409300498, Baby Touch: Peekaboo,4,4.4,356
,Osho,1250006201, The Book Of Children,4,4.5,31
Board,Editorial,9350571099, Children'S Encyclopedia - The World Of Knowledge,14,4.2,99
Azeem,Khan,9380914199, Student'S Encyclopedia Of General Knowledge,1,4.4,859
Sandeep,Kumar,9332541302, A Complete Resource For Ctet: Child Development And Pedagogy - Central Teacher Eligibility Test - Common For Paper I And Ii,2,4.2,616
Miriam,Bos,1509808361, The Jungle Book,2,4.8,5
F.,Fitzgerald,8172344562, The Great Gatsby,2,4.4,654
Orwell,George,8192910903,1984,1,4.5,339
Bronte,Charlotte,8193387619, Jane Eyre : Jane Eyre,1,4.5,39
Franz,Kafka,8172345135, Metamorphosis,1,4.4,466
Karen,Jerome,8172344430, Three Men In A Boat,2,4.3,106
William,Shakespeare,8175994193, Macbeth,1,4.4,180
Tolstoy,Leo,8184950314, Greatest Short Stories Of Leo Tolstoy,2,4.6,214
Woolf,Virginia,8175994215, Mrs. Dalloway,2,4.3,24
Lewis,Carroll,8175992980, Alice'S Adventures In Wonderland Online Written,1,4.8,16
Charles,Darwin,8172344880, The Origin Of Species,2,4.4,142
Brown,Wise,1509829466, Goodnight Moon,2,4,34
Murphy,Dr.,8172345666, The Power Of Your Subconscious Mind - Unlock Your Master Key To Success,2,4.5,631
Rajani,Thindiath,9350853736, Suppandi 3,1,4.4,175
Ghate,Shriya,9350853701, Tantri The Mantri 4,1,4.4,64
Graphic,India,9386224658, Bahubali,1,4,102
Geronimo,Stilton,9386106256, Geronimo Stilton #64,2,4.5,285
,unknown,9311121266, Objective Computer Awareness,1,4.3,1936
,unknown,9383643242, A Handbook For Computer Science /It Engineering,2,4.3,490
,unknown,9350944308, Handbook Of Computer Science & It,1,4.2,950
Experts,Arihant,9311124559, Ccc (Course On Computer Concepts) Study Guide - Based On Nielit (Doeacc) Latest Syllabus 2018 Edition,1,4.2,810
Agarwal,Shikha,9386320177, Computer Knowledge For Sbi/ Ibps Clerk/ Po/ Rrb/ Rbi/ Ssc/ Railways/ Insurance Exams 2Nd Edition,1,4.1,482
Experts,Disha,9388026764, 19 Years Gate Computer Science & Information Technology Chapter-Wise & Topic-Wise Solved Papers (2018 - 2000) With 4 Online Practice Sets 5Th Edition,2,4.2,46
,unknown,9332585601, Computer System Architecture 3E (Update) By Pearson,6,4.5,116
Expert,Arihant,9313161486, Cbse Computer Science Chapterwise Solved Papers Class 12,2,4.5,472
Minni,Goyal,9312149091, All In One Computer Science Cbse Class 12Th,3,4.5,261
Andrew,Tanenbaum,9332518742, Computer Networks,7,4.4,304
,unknown,9311124567, Ccc (Course On Computer Concepts),1,4.2,649
of,Panel,9387504743, Oswaal Icse Question Bank Chapterwise & Topicwise Class 10 Computer App. (Mar 2019 Exam),1,4.5,53
Johari,Shashank,8173158762, Super Speed Computer Course,2,3.8,70
Vikas,Gupta,9351192652, Comdex Hardware And Networking Coure Kit- Revised & Upgraded,5,4.2,44
,Balagurusamy,9352607996, Object-Oriented Programming With C++,5,4.5,276
Namdev,Ashok,9387067572, Programming And Problem Solving With Python,6,4.4,171
Karna,Binay,9384761540, General Knowledge - Lucent Gk Book,2,4.4,6418
,unknown,9387504921, Oswaal Cbse Question Bank For Class 10 Social Science (Mar 2019 Exam),4,4.4,1539
Experts,Disha,9388240278, Olympiad Champs Cyber Class 1 With Past Olympiad Questions,1,4.8,6
Anita,Goel,8131733092, Computer Fundamentals,6,4.3,240
Goel|Alka,Er.Ankit,9312148222, Electronics And Communication Engineering Gate 2019,8,4.4,222
Moore,Gareth,1780552491, Brain Games For Clever Kids,2,4.2,179
Publications,Dreamland,9350899175, Refreshing Mandala - Book 3,3,4.6,28
,unknown,9350899477, Rejuvenate Yourself- Floral Patterns,2,4.4,22
Murphy,Dr.,8172345666, The Power Of Your Subconscious Mind - Unlock Your Master Key To Success,2,4.5,631
Bhattacharya,Shouvik,9386643723, Murder In A Minute,2,4.4,338
Ruskin,Bond,8129144972, The Perfect Murder,1,4.3,279
J.K.,Rowling,1408711702, Fantastic Beasts: The Crimes Of Grindelwald - The Original Screenplay,6,4.8,245
Desai,Salil,8175994258, 3 And A Half Murders - An Inspector Saralkar Mystery,2,4.5,16
Teresa,Driscoll,1542046599, I Am Watching You,4,4.2,41
Trevor,Noah,1473635306, Born A Crime,4,4.7,224
Sheldon,Sidney,8172234902, Tell Me Your Dreams,3,4.5,902
Sheldon,Sidney,8172234937, The Other Side Of Midnight,3,4.5,386
Sidney,Sheldon,8172234856, Nothing Lasts Forever,4,4.5,590
Sheldon,Sidney,8172234864, Bloodline,4,4.5,362
K.,J.,1408855682, Harry Potter And The Goblet Of Fire,7,4.7,2751
,Johnson,1847396488, Peaks And Valleys,1,4.7,50
Geetha',P.,8182747252, Attitude Is Everything,2,4.3,31
Murphy,Dr.,8172345666, The Power Of Your Subconscious Mind - Unlock Your Master Key To Success,2,4.5,631
SHARMA,ROBIN,9387944891, The 5 Am Club : Own Your Morning- Elevate Your Life,3,4.6,895
Keller,Jeff,9351772071, Attitude Is Everything,1,4.5,5887
Joseph,Murphy,8183225101, Miracles Of Your Mind,1,4.3,1399
Renee,Rachel,1471158039, Dork Diaries : Frenemies Forever,2,4.4,225
Rachel,Russell,1471144771, Dork Diaries: Holiday Heartbreak,3,4.5,8
Rachel,Russell,1471168018, Dork Diaries: Crush Catastrophe - Tales From A Not - So - Fabulous Life,2,4.7,169
Rachel,Russell,1471143953, Dork Diaries: Tv Star,3,4.6,82
Kotler',Philip,8126566930, Marketing 4.0 - Moving From Traditional To Digital,4,4.4,64
Bryan,Peterson,1607748509, Understanding Exposure- Fourth Edition,9,4.6,18
Doug,Harman,1786481324, The Digital Photography Handbook,6, , 
Viktor,Mayer-Schonberger,1848547927, Big Data,4,4.3,64
Ang,Tom,1409346455, Photography: The Definitive Visual History,23,4.5,2
Ankit,Fadia,9385152459, Stretch Your Technology Email,1,3.9,17
Angela,Pierce,1681858711, Digital Photography For Beginners,5, , 
Fisher,Adam,1538714493, Valley Of Genius - The Uncensored History Of Silicon Valley,6,4.6,7
Satish,Deodhar,8184001630, Iima,2,4.4,1706
Raghuram,Rajan,9352770145, I Do What I Do,6,4.6,2416
Roopa,Pai,8129145197, So You Want To Know About Economics,1,4.4,172
Rajan,Raghuram,9350291738, Fault Lines,4,4.6,438
Gopal,Sunder,9312146440, Ugc Net Economics,5,3.8,91
Experts,Arihant,9313166046, 15 Sample Question Papers Economics Class 12 Cbse,2,4.6,103
,unknown,9388026586, 24 Years Upsc Ias/ Ips Prelims Topic-Wise Solved Papers 1 & 2 (1995-2018),4,4.5,2348
,unknown,9312148389, All In One Economics Class 11Th,4,4.2,157
Expert,Arihant,9313161451, Cbse Chapterwise Solved Papers Economics Class 12,2,4.6,242
,unknown,9312147307, General Knowledge 2019,0,4.3,8181
Experts,Arihant,9313166208, 15 Sample Question Papers Economic Class 11 Cbse,1,4.6,16
Experts,Arihant,9312144960, Pgt Self Prepration Guide Economics Recruitment Examination,3,4.1,39
Experts,Arihant,9312149083, All In One Economics Cbse Class 12,2,4.6,226
Kumar,Sanjay,9350126672, Objective Economics,2,4.1,17
Marks,Howard,1473680379, Mastering The Market Cycle,10,4.5,16
,unknown,9352531299, Indian Economy,7,4.1,166
Sagar,Rachna,9387984532, Ead 15+1 Cbse Sample Papers For Class 12 Economics For 2019 Examination,2,4.7,18
T.,Robert,8186775811, Rich Dads Business School For People Who Like Helping People,2,4.5,1281
,unknown,9387504921, Oswaal Cbse Question Bank For Class 10 Social Science (Mar 2019 Exam),4,4.4,1539
SHARMA,ROBIN,9387944891, The 5 Am Club : Own Your Morning- Elevate Your Life,3,4.6,895
Board,Editorial,9387958477, Xam Idea Economic Class 12,5,4.6,35
Howard,Marks,9353022797, The Most Important Thing,3,4.7,22
Marx,Karl,8175994142, Capital (Das Kapital),5,4.3,251
,unknown,9382616977, India After Gandhi - The History Of The World'S Largest Democracy - The History Of The World'S Largest Democracy,7,4.6,1117
Allan,Pease,8186775056, Questions Are The Answers,1,4.4,1891
L,H,9352533321, Advanced Economic Theory Microeconomic Analysis,10,4.5,50
Anup,Kochhar,9352015789, The Failure Project The Story Of Man'S Greatest Fear,4,4.6,8
Board,Editorial,9350571099, Children'S Encyclopedia - The World Of Knowledge,14,4.2,99
,DK,1409323498, The Animal Book,8,4.6,5
Azeem,Khan,9380914199, Student'S Encyclopedia Of General Knowledge,1,4.4,859
,,8179925919, The Theory Of Everything 01 Edition,2,4.2,18
P.,Mishra,8174827986, Objective Civil Engineering,1,3.8,169
A.H.,Hashmi,9381588813, Children'S Science Encyclopedia,10,4.3,6
Johnson',Fiona,1409522423, First Encyclopedia Of Animals,6,3.8,6
Daruwalla,Bejan,9353024064, Horoscope 2019: Your Complete Forecast- Pisces,0, , 
Nair,Karmel,9353020123, Tarot Predictions 2019,2,5,3
Geographic,National,1426208928, National Geographic Answer Book: 10-001 Fast Facts About Our World,13,4.4,63
Daruwalla,Bejan,9353024226, Horoscope 2019: Your Complete Forecast- Scorpio,0,4.6,5
Experts,Disha,9386323567, Quick General Knowledge 2018 With Current Affairs Update 2Nd Edition,0,4.2,988
Prep,Manhattan,1506247598, 5 Lb. Book Of Gre Practice Problems,26, , 
,unknown,9313163802, Prep Guide To Bitsat 2019,7,4.6,84
Expert,Arihant,9313162539, Neet Prep Guide 2019,10,4.3,111
P,A,9352864964, Legal Awareness And Legal Reasoning,6,4.5,236
of,Staff,1250127556, 50 Successful Harvard Application Essays,4,4,5
Fernando,Maymi,1260142655, Cissp All-In-One Exam Guide- Eighth Edition,78, , 
Sharma,Robin,8179922308, Family Wisdom,3,4.4,280
Arpit,Vageria,9382665889, You Are My Reason To Smile,1,4.3,902
Ajay,Pandey,9382665870, Her Last Wish,1,4.5,2431
Pig,Peppa,1409309061, Peppa Pig: My Daddy,2, , 
Robin,Sharma,8184951914, Family Wisdom,2,4.3,21
Kalanithi,Paul,1847923674, When Breath Becomes Air,4,4.6,1873
Gray,John,8172235038, Men Are From Mars- Women Are From Venus,3,4.4,2581
Sadhguru,Vasudev,9386867508, Emotion & Relationships,2,4.6,1150
S.,Manu,9351776425, The Ivory Throne,7,4.6,371
Robert,Kiyoski,8183223753, Panakkara Thanthai Yezhai Thanthai,3,4.4,600
K.,J.,1408855658, Harry Potter And The Philosopher'S Stone,3,4.6,5577
Heidi,Murkoff,1471147533, What To Expect When You'Re Expecting 5Th Edition,7,4.7,149
Rujuta,Diwekar,8184001053, Don'T Lose Your Mind- Lose Your Weight,2,4.3,3440
K.,J.,1408855658, Harry Potter And The Philosopher'S Stone,3,4.6,5577
Heidi,Murkoff,1471147533, What To Expect When You'Re Expecting 5Th Edition,7,4.7,149
Rujuta,Diwekar,8184001053, Don'T Lose Your Mind- Lose Your Weight,2,4.3,3440
K.,B.,8172235011, Light On Yoga,4,4.5,591
K.,J.,1408855666, Harry Potter And The Chamber Of Secrets,5,4.7,3839
Sharma,Robin,8184951191, The Leader Who Had No Title,2,4.4,1344
K.,J.,1408855674, Harry Potter And The Prisoner Of Azkaban,4,4.6,3250
Adele,Faber,1848126328, How To Talk So Kids Will Listen And Listen So Kids Will Talk,3,4.5,55
Renee,Rachel,1471158039, Dork Diaries : Frenemies Forever,2,4.4,225
Jeffrey,Archer,1509867767, Tell Tale,3,4.5,313
Balaji,Tambe,9380571089, Ayurvediya Garbh Sanskar,9,4.3,1927
Batliwala,Khurshed,9352641345, Ready- Study- Go!: Smart Ways To Learn - Smart Ways To Learn,2,4.4,574
K.,J.,1408855690, Harry Potter And The Order Of The Phoenix,7,4.8,2441
Shilpa,Kundra,8184007485, The Great Indian Diet,2,4,1874
D.,Jindal,9352774531, One Minute Superdad,2,3.9,15
Sen,Shelja,9352773268, Imagine No Child Left Invisible: Building Emotionally Safe Spaces For Inclusive & Creative Learning,4, , 
Franz,Kafka,8172345135, Metamorphosis,1,4.4,466
Murphy,Dr.,8172345666, The Power Of Your Subconscious Mind - Unlock Your Master Key To Success,2,4.5,631
Stilton,Geronimo,9386313774, The Ship Of Secrets,5,4.5,647
Stilton,Geronimo,9352751183, The Dragon Of Fortune - An Epic Kingdom Of Fantasy Adventures,7,4.6,1132
Geronimo,Stilton,9385887815, Geronimo Stilton And The Kingdom Of Fantasy #8,5,4.5,626
Missal,Kevin,8193503309, Dharmayoddha Kalki - Avatar Of Vishnu Book 1,2,4.5,453
Geronimo,Stilton,9351033147, The Search For Treasure,5,4.5,572
Geronimo,Stilton,9351035492, The Enchanted Charms,5,4.5,796
,unknown,9351031934, Geronimo Stilton The Journey Through Time,5,4.5,901
J.K.,Rowling,1408711702, Fantastic Beasts: The Crimes Of Grindelwald - The Original Screenplay,6,4.8,245
Miller,Madeline,1526603330, Circe,5,4.5,148
Anand,Neelakantan,9386224445, The Rise Of Sivagami,2,4.4,2442
Amish,Tripathi,9381626340, The Secret Of The Nagas,3,4.6,6674
Stilton,Geronimo,9351037703, The Race Against Time,5,4.5,408
Shannon,Samantha,1526612860, The Priory Of The Orange Tree,8, , 
Ruskin,Bond,8129118920, Great Stories For Children,1,4.4,2909
Miriam,Bos,1509808361, The Jungle Book,2,4.8,5
J.,Rowling,8186775609, Harry Potter And The Philosopher'S Stone,1,4.5,362
Ruskin,Bond,8171673406, The Blue Umbrella,0,4.4,2662
,Amish,9382618341, Oath Of The Vayuputras,4,4.4,8408
Vishwas,Mudagal.,9353024668, The Last Avatar (Age Of Kalki #1),2,4.4,15
Books,OM,8187107588, 365 Pancharantra Stories,5,4.4,242
Publications,Dreamland,8184516207, My Jumbo Book - Nursery Rhymes,2,4.3,66
,Amish,9384030538, The Secret Of The Nagas (Tamil),2,4.4,374
Coelho,Paulo,8172234988, Alchemist,3,4.6,16859
Savi,Sharma,9386224399, This Is Not Your Story,1,4.3,5133
Joseph,Dr.,8192910962, The Power Of Your Subconscious Mind,1,4.5,4640
Jeffrey,Archer,1509867767, Tell Tale,3,4.5,313
Coelho,Paulo,8172235437, Veronika Decides To Die,3,4.4,1393
F.,Fitzgerald,8172344562, The Great Gatsby,2,4.4,654
Hosseini,Khaled,1408844443, A Thousand Splendid Suns,4,4.5,2540
Ajay,Pandey,9382665870, Her Last Wish,1,4.5,2431
Orwell,George,8192910903,1984,1,4.5,339
Ashwin,Sanghi,9386850648, Keepers Of The Kalachakra,3,4.4,670
Charles,Darwin,8172344880, The Origin Of Species,2,4.4,142
Bajpai,Vineet,9352685482, Harappa - Curse Of The Blood River,1,4.4,614
,Amish,9385152149, Ram - Scion Of Ikshvaku,3,4.4,6160
Bronte,Charlotte,8193387619, Jane Eyre : Jane Eyre,1,4.5,39
Chetan,Bhagat,8129142147, One Indian Girl,1,4.2,37246
Jane,Austen,8172344503, Pride & Prejudice,2,4.4,629
Sharma,Savi,9386036754, Everyone Has A Story,1,4.3,7731
Ruskin,Bond,8171673406, The Blue Umbrella,0,4.4,2662
Karen,Jerome,8172344430, Three Men In A Boat,2,4.3,106
Preeti,Shenoy,9380349300, Life Is What You Make It,1,4.1,10007
Amish,Tripathi,9386224585, Sita,3,4.6,7022
Robin,Sharma,8179922324, Who Will Cry When You Die?,1,4.4,5611
Coelho,Paulo,8172235631, Eleven Minutes,3,4.4,2201
Rabindranath,Tagore,9380816049, Selected Stories Of Rabindranath Tagore,1,4.4,92
Franz,Kafka,8172345135, Metamorphosis,1,4.4,466
K.,J.,1408855666, Harry Potter And The Chamber Of Secrets,5,4.7,3839
Anand,Neelakantan,9386224445, The Rise Of Sivagami,2,4.4,2442
Tolstoy,Leo,8184950314, Greatest Short Stories Of Leo Tolstoy,2,4.6,214
Arpit,Vageria,9382665889, You Are My Reason To Smile,1,4.3,902
Vageria,Arpit,9387022080, Be My Perfect Ending,1,4.4,473
Sudeep,Nagarkar,9385990004, She Friend-Zoned My Love,1,4.6,1429
Anuj,Tiwari,8129149567, I Tagged Her In My Heart,1,4.5,452
Amish,Tripathi,9381626340, The Secret Of The Nagas,3,4.6,6674
Stephen,Chbosky,1451696191, The Perks Of Being A Wallflower,2,4.5,1897
Sheldon,Sidney,8172234937, The Other Side Of Midnight,3,4.5,386
Dhondy,Farrukh,9350290820, Rumi A New Translation,3,4.5,212
Ruskin,Bond,8129118920, Great Stories For Children,1,4.4,2909
Preeti,Shenoy,9386850427, A Hundred Little Flames,3,4.4,395
Banerjee,Chitra,9353025982, The Forest Of Enchantments,5,4.9,15
William,Shakespeare,8175994193, Macbeth,1,4.4,180
Chetan,Bhagat,8129135515, The 3 Mistakes Of My Life,1,4.4,4808
Chetan,Bhagat,8129135507, One Night At The Call Centre,1,4.3,2819
Munshi,Chand,9350336618, 21 Anmol Kahaniya,1,4.5,55
Tolstoy,Leo,8175992832, War And Peace,4,4.4,49
Christopher,Doyle,9385724223, The Secret Of The Druids,3,4.3,182
Terry,O'Brien,8129131498, Selected Stories By Leo Tolstoy,1,4.4,9
J.K.,Rowling,1408711702, Fantastic Beasts: The Crimes Of Grindelwald - The Original Screenplay,6,4.8,245
Napoleon,Hill,9350330954, Think And Grow Rich,1,4.3,52
May,Louisa,8175992905, Little Women,2,4.4,22
Preeti,Shenoy,9386036452, It'S All In The Planets,2,4.3,732
,Amish,9382618341, Oath Of The Vayuputras,4,4.4,8408
Bram,Stoker,8172344775, Dracula,2,4.3,218
Ruchir,Gupta,9382665072, Mistress Of The Throne - The Mughal Intrigues,2,4.2,140
Devanshi,Sharma,9382665846, No Matter What I Do - I End Up Falling For You,1,4.2,475
Steel,Danielle,1509881336, The Right Time,3,4.5,57
Ashwin,Sanghi,9381626812, Chanakya'S Chant,3,4.3,1849
Anand,Neelakantan,9386224607, Shivagami Kadha Bahubali Bhagam 1 - The Rise Of Sivagami Telugu,2,4.1,137
Perumal,Murugan,9386850494, Poonachi Or The Story Of A Black Goat,4,4.7,224
R.,Narayan,8185986002, Swami And Friends,1,4.4,1423
Vish,Dhamija,9380349246, Nothing Lasts Forever,1,4.3,421
Tom,Gates,9351033015, Everything'S Amazing (Sort Of),3,4.6,166
Pranab,Mukherjee,8129135744, The Dramatic Decade The Indira Gandhi Years,5,4.4,317
Sheldon,Sidney,8172234864, Bloodline,4,4.5,362
Sheldon,Sidney,8172234902, Tell Me Your Dreams,3,4.5,902
Rhonda,Byrne,1471172392, The Secret,5,4.2,1395
Missal,Kevin,8193503309, Dharmayoddha Kalki - Avatar Of Vishnu Book 1,2,4.5,453
,,1879505622, In The Blink Of An Eye,10,4.6,65
Satyajit,Ray,8125015655, Our Films- Their Films,6,4.7,77
Satyajit,Ray,9351360016, Deep Focus,2,4.6,168
Trivedi,Deep,9384850098, I Am The Mind,2,4.3,577
Ray,Satyajit,9351779335, The Pather Panchali Sketchbook.,14,4.9,75
J.K.,Rowling,1408711702, Fantastic Beasts: The Crimes Of Grindelwald - The Original Screenplay,6,4.8,245
Karna,Binay,9384761540, General Knowledge - Lucent Gk Book,2,4.4,6418
,unknown,9312147307, General Knowledge 2019,0,4.3,8181
Experts,Arihant,9313169886, Current Affairs Yearly 2019,1,4.7,9
Nain,Sunil,9387351416, General Knowledge Aptitude & Logical Thinking For Aiims - Includes 10 Mock Test Papers,1,4.3,628
Azeem,Khan,9380914199, Student'S Encyclopedia Of General Knowledge,1,4.4,859
Experts,Disha,9386323567, Quick General Knowledge 2018 With Current Affairs Update 2Nd Edition,0,4.2,988
,unknown,9384761141, Lucent'S General Science,2,4.2,1903
,,8179925919, The Theory Of Everything 01 Edition,2,4.2,18
S.,Bakshi,9351768449, Objective General English,2,4.3,10558
Experts,Disha,9387421007, Disha Children'S Yearbook 2018 - General Knowledge Fundamentals And Current Affairs - Disha,2,4.3,42
Dale,Carnegie,8175993952, How To Stop Worrying And Start Living,1,4.4,93
,unknown,9311121266, Objective Computer Awareness,1,4.3,1936
,unknown,9386629771, Aiims General Knowledge With Logical Thinking,1,4.2,305
Board,Editorial,9350571099, Children'S Encyclopedia - The World Of Knowledge,14,4.2,99
R.,Aggarwal,9352534026, Quantitative Aptitude For Competitive Examinations 2017 Edition,6,4.4,15290
,unknown,9350947900, Know Your State - Himachal Pradesh,2,4.3,60
,unknown,9388026586, 24 Years Upsc Ias/ Ips Prelims Topic-Wise Solved Papers 1 & 2 (1995-2018),4,4.5,2348
Experts,Disha,9388240944, Banking Awareness For Sbi & Ibps Bank Clerk/ Po/ Rrb/ Rbi Exams 3Rd Edition,2,4.5,34
K.V.S,Madaan,9332551731, Cbse Ugc Net/Set/Jrf,3,4.4,2001
Experts,Disha,9387421627, Cds 12 Years Topic-Wise Solved Papers Mathematics- English & General Knowledge (2007-2018) - 3Rd Edition,6,4,92
Kumar,Sanjeev,9384761168, Samany Hindi,2,4.2,327
M.,Gandhi,8172343116, The Story Of My Experiments With Truth,2,4.5,239
L.,C.,9350132389, Madhya Pradesh General Knowledge: At A Glance,1,3.6,15
Dale,Carnegie,8192910997, How To Win Friends & Influence People - The First And Still The Best Book Of Its Kind On Self-Help,1,4.5,231
Albert,Einstein,9380914229, Relativity,2,4.5,1121
Burke,Hedges,8182744466, Copycat Marketing 101,1,4.3,548
Tzu,Sun,8184950888, Art Of War,3,4.3,236
Rujuta,Diwekar,8184001053, Don'T Lose Your Mind- Lose Your Weight,2,4.3,3440
Swami,Om,9351772624, The Wellness Sense,2,4.5,233
Rujuta,Diwekar,8193237234, Indian Superfoods: Change The Way You Eat,3,4.3,494
Foundation,Isha,9351363783, A Taste Of Well-Being: Sadhgurus Insights For Your Gastronomics,2,4.5,298
Shilpa,Kundra,8184007485, The Great Indian Diet,2,4,1874
Murphy,Dr.,8172345666, The Power Of Your Subconscious Mind - Unlock Your Master Key To Success,2,4.5,631
Robin,Sharma,8179922324, Who Will Cry When You Die?,1,4.4,5611
Louise,Hay,8190565583, You Can Heal Your Life,3,4.4,1450
Patel,D.,9386850567, The Heartfulness Way - Heart - Based Meditations For Spiritual Transformation,2,4.7,479
SHARMA,ROBIN,9387944891, The 5 Am Club : Own Your Morning- Elevate Your Life,3,4.6,895
Kalanithi,Paul,1847923674, When Breath Becomes Air,4,4.6,1873
Pooja,Makhija,9352644875, Eat Delete Junior,2,4.1,39
Suman,Chiplunkar,8190587447, Mudras & Health Perspectives,4,4.6,69
Sadhguru,Vasudev,9386867508, Emotion & Relationships,2,4.6,1150
Preeti,Shenoy,9380349300, Life Is What You Make It,1,4.1,10007
Caldwell,Esselstyn,1583333002, Prevent And Reverse Heart Disease,9,4.8,4
Jois,Sharath,8193876784, Ageless,2,5,8
K.,B.,8172235011, Light On Yoga,4,4.5,591
Vishram,Singh,8131252914, Textbook Of Anatomy Head- Neck- And Brain; Volume Iii,9,5,8
Ashwin,Sanghi,9384030570, 13 Steps To Bloody Good Luck,1,4.1,1457
Shiv,Khera,9382951717, You Can Win,3,4.5,6129
Bruce,Lipton,9380480016, The Biology Of Belief - Unleashing The Power Of Consciousness- Matter & Miracles,3,4.3,646
Thapar,Karan,9352779843, Devil'S Advocate,6,4.6,108
K.,B.,8172235410, Light On Pranayama,3,4.5,153
T.,Robert,8186775811, Rich Dads Business School For People Who Like Helping People,2,4.5,1281
Rhonda,Byrne,1847370292, The Secret,7,4.5,6680
Gray,John,8172235038, Men Are From Mars- Women Are From Venus,3,4.4,2581
Monika,Halan,9352779398, Lets Talk Money:,3,4.6,138
Eckhart,Tolle,8190105914, The Power Of Now,3,4.5,760
Vishram,Singh,8131244644, Textbook Of Clinical Neuroanatomy,7,4.3,33
Batliwala,Khurshed,9352641345, Ready- Study- Go!: Smart Ways To Learn - Smart Ways To Learn,2,4.4,574
and,Sadhguru',9352643925, Adiyogi,2,4.6,1377
Singhal',Aditi,8184005210, How To Memorize Anything - The Ultimate Handbook To Explore And Improve Your Memory,3,4.3,598
Blanchard,Kenneth,8172234996, One Minute Manager,1,4.4,1087
Bichu,Dr.,8179918564, New Age Parenting And Child Health Handbook - New Age Parenting And Child - Health Handbook,5,4.7,3
Poonam,Dahiya,9352603451, Ancient And Medieval India,5,4.6,3498
Satish,Chandra,8125032266, History Of Medieval India,4,4.3,2831
Upinder,Singh,8131716775, History Of Ancient And Early Medieval India,7,4.5,890
Reddy,Krishna,9387067556, World History - For Civil Services Examination First Edition,3,4.3,821
Yuval,Harari,1784703931, Homo Deus,4,4.5,338
,unknown,9382616977, India After Gandhi - The History Of The World'S Largest Democracy - The History Of The World'S Largest Democracy,7,4.6,1117
,unknown,9353160235, Modern Indian History With A Primer On Post Independence Ind - With A Primer On Post Independence India,7,4.6,497
,,8179925919, The Theory Of Everything 01 Edition,2,4.2,18
Charles,Darwin,8172344880, The Origin Of Species,2,4.4,142
Arjun,Subramaniam,9351777499, India'S Wars,7,4.6,113
M.,Gandhi,8172343116, The Story Of My Experiments With Truth,2,4.5,239
Chandra,Satish,8125032487, Madhyakaleen Bharat Rajniti- Samaj Aur Sanskr,3,4.3,546
Michael,Bar-Zohar,8184958455, Mossad,4,4.5,560
Bajpai,Vineet,9352685482, Harappa - Curse Of The Blood River,1,4.4,614
Tharoor,Shashi,9386021102, Why I Am A Hindu,4,4.4,2010
Priyam,Goswami,8125046534, The History Of Assam From Yandabo To Partition,3,4.4,231
Editorial,RPH,9350128268, University Of Delhi : Ma History Entrance Exam Guide,2,3.9,86
Singhania,Nitin,9387067548, Indian Art And Culture - For Civil Services Preliminary And Main Examinations Second Edition,5,4.6,5444
Vipin,Chandra,8125036814, Adhunik Bharat Ka Itihas,3,4.3,2029
Ram,Shar,8125026517, Prarambhik Bharat Ka Parichay (Hindi),3,4.3,337
Rajiv,Ahir,8179306127, A Brief History Of Modern India,3,4.3,2738
Arun,Tiwari,8173711461, Wings Of Fire,3,4.6,16362
Subrata,Mukherjee,8120343891, A History Of Political Thought,4,4.3,229
Damodar,Kosambi,9386042215, An Introduction To The Study Of Indian History,5,4.2,17
,unknown,9387067718, Bharatiya Kala Evam Sanskriti,5,4.5,1046
V.,Mahajan,8121903645, History Of Medieval India,5,4.1,91
Ahir,Rajiv,8179306895, Adhunik Bharat Ka Itihas,3,4.3,494
,Amish,9385152149, Ram - Scion Of Ikshvaku,3,4.4,6160
Husain,Majid,9352606221, Geography Of India Seventh Edition,7,4.5,3645
Foundation,Isha,9351363783, A Taste Of Well-Being: Sadhgurus Insights For Your Gastronomics,2,4.5,298
Bhatia',Shivesh,9353023114, Bake With Shivesh,8, , 
W.,Cameron,1509855947, A Dog'S Way Home,4,4.6,52
D.,Pandey,9313163292, 40 Years' Chapterwise Topicwise Solved Papers (2018-1979) Iit Jee Physics,3,4.5,1603
M.,Gandhi,8172343116, The Story Of My Experiments With Truth,2,4.5,239
Batth,Singh,8175994029, Home Gardeners' Guide Indian Garden Flowers,5,4,4
Publications,Dreamland,8184511213, World Map,1,4.4,48
Bram,Stoker,8172344775, Dracula,2,4.3,218
King,Stephen,1444707868, It,3,4.6,763
Murphy,Dr.,8172345666, The Power Of Your Subconscious Mind - Unlock Your Master Key To Success,2,4.5,631
Missal,Kevin,8193503309, Dharmayoddha Kalki - Avatar Of Vishnu Book 1,2,4.5,453
Vish,Dhamija,9380349246, Nothing Lasts Forever,1,4.3,421
Bond,Ruskin,9384067474, Upon An Old Wall Dreaming More Of My Favourite Stories And Sketches,3,4.4,5
Hari,Kumar,9382665307, That Frequent Visitor - Every Face Has A Darker Side,1,4,20
,,1409300498, Baby Touch: Peekaboo,4,4.4,356
Ruskin,Bond,8129112558, The Ruskin Bond Horror Omnibus,3,4.2,59
Kumar,Trideb,8183741916, Bhoy Rohosyo 101,6,4.5,27
Stephen,King,1473691524, Elevation,4,5,6
Trevor,Noah,1473635306, Born A Crime,4,4.7,224
Douglas,Adams,1509852794, The Hitchhiker'S Guide To The Galaxy Omnibus - A Trilogy Of Five,7,4.5,82
Swami,Om,9351772624, The Wellness Sense,2,4.5,233
J.K.,Rowling,1408711702, Fantastic Beasts: The Crimes Of Grindelwald - The Original Screenplay,6,4.8,245
Sharma,Savi,9386036754, Everyone Has A Story,1,4.3,7731
Yogananda,Paramahansa,8190256203, Autobiography Of A Yogi (Complete Edition),2,4.6,653
Devdutt,Pattanaik,8129137704, My Gita,2,4.5,2702
L.,Pichon,9351033007, Tom Gates,2,4.5,238
Rujuta,Diwekar,8193237234, Indian Superfoods: Change The Way You Eat,3,4.3,494
Satya,Vyas,9386224194, Dilli Darbaar,1,4.4,172
Munroe,Randall,1848549563, What If?,4,4.5,238
Karen,Jerome,8172344430, Three Men In A Boat,2,4.3,106
Batliwala,Khurshed,9352641345, Ready- Study- Go!: Smart Ways To Learn - Smart Ways To Learn,2,4.4,574
Rajani,Thindiath,9350853736, Suppandi 3,1,4.4,175
Tom,Gates,9351033015, Everything'S Amazing (Sort Of),3,4.6,166
Tom,Gates,9351033031, Tom Gates Book #5,2,4.5,174
Shilpa,Kundra,8184007485, The Great Indian Diet,2,4,1874
David,Grossman,1784704229, A Horse Walks Into A Bar - (Winner Of The International Man Booker Prize 2017,3,4.4,146
L.,Pichon,9351033023, Tom Gates,3,4.5,176
Ruskin,Bond,9386338904, Lone Fox Dancing - My Autobiography,6,4.7,135
Rachel,Russell,1471168018, Dork Diaries: Crush Catastrophe - Tales From A Not - So - Fabulous Life,2,4.7,169
Preeti,Shenoy,9386850427, A Hundred Little Flames,3,4.4,395
Sukla,Srilal,8126713968, Raag Darbari,3,4.6,474
S.,Zaidi,9352779290, Eleventh Hour By,2,4.5,88
Desai,Salil,8175994258, 3 And A Half Murders - An Inspector Saralkar Mystery,2,4.5,16
J.,Donald,1784758248, Trump - The Art Of The Deal,4,4.4,63
Robert,Greene,1861974043, The Concise 48 Laws Of Power,4,4.3,367
R.,Narayan,8185986010, The Bachelor Of Arts,1,4.3,158
Sebag,Simon,1780220251, Jerusalem: The Biography,5,4.4,66
Geronimo,Stilton,9385887351, Geronimo Stilton #63,2,4.5,108
Noah,Yuval,1910701882, Homo Deus - A Brief History Of Tomorrow,8,4.6,127
J.,Donald,1784758248, Trump - The Art Of The Deal,4,4.4,63
Harisinghani,Ajit,8175992948, One Life To Ride,2,4.4,47
Piparaiya,Rishi,9352777670, Job Be Damned,2,4.7,7
Preeti,Shenoy,9380349300, Life Is What You Make It,1,4.1,10007
Chetan,Bhagat,8129142147, One Indian Girl,1,4.2,37246
Savi,Sharma,9386224399, This Is Not Your Story,1,4.3,5133
Rujuta,Diwekar,8193237234, Indian Superfoods: Change The Way You Eat,3,4.3,494
Singhania,Nitin,9387067548, Indian Art And Culture - For Civil Services Preliminary And Main Examinations Second Edition,5,4.6,5444
Shilpa,Kundra,8184007485, The Great Indian Diet,2,4,1874
Amish,Tripathi,9381626340, The Secret Of The Nagas,3,4.6,6674
,unknown,9312148885, Indian Navy Secondary Ssr Guide 2018,2,4.2,556
Satishchandra,Chatterjee,8129111950, An Introducation To Indian Philosophy,1,4.5,759
Ajay,Pandey,9382665870, Her Last Wish,1,4.5,2431
,unknown,9312148907, Indian Coast Guard Navik General Duty Guide 2018,3,4,206
Arpit,Vageria,9382665889, You Are My Reason To Smile,1,4.3,902
Laxmikanth,M.,9385880160, Indian Polity (Telugu Version),7,4.3,535
Sharma,Savi,9386036754, Everyone Has A Story,1,4.3,7731
Amish,Tripathi,9386224585, Sita,3,4.6,7022
,unknown,9388026586, 24 Years Upsc Ias/ Ips Prelims Topic-Wise Solved Papers 1 & 2 (1995-2018),4,4.5,2348
M.,Laxmikanth,9339220838, Objective Indian Polity,4,4.3,2002
Theodore,Baskaran,9384067571, The Book Of Indian Dogs,3,3.9,53
Vivek,Menon,9350097605, Indian Mammals,11,4.6,324
Chetan,Bhagat,8129135507, One Night At The Call Centre,1,4.3,2819
,unknown,9311126691, Indian Air Force Airman Group 'Y' (Non-Technical Trades),2,4.1,551
Vageria,Arpit,9387022080, Be My Perfect Ending,1,4.4,473
M.,Laxmikanth,9352603869, Bharat Ki Rajvyavastha,5,4.5,3230
Preeti,Shenoy,9384030740, It Happens For A Reason,2,4.3,1016
Poonam,Dahiya,9352603451, Ancient And Medieval India,5,4.6,3498
Experts,Arihant,9311126780, Bhartiya Nausena Senior Secondary (Ssr) Bharti Pariksha,2,4.1,226
Husain,Majid,9352606221, Geography Of India Seventh Edition,7,4.5,3645
Arun,Tiwari,8173711461, Wings Of Fire,3,4.6,16362
Satya,Vyas,9381394997, Banaras Talkies,1,4.4,298
Balaji,Tambe,9380571089, Ayurvediya Garbh Sanskar,9,4.3,1927
,unknown,9353160235, Modern Indian History With A Primer On Post Independence Ind - With A Primer On Post Independence India,7,4.6,497
Chetan,Bhagat,8129135728, Half Girlfriend,1,4.1,48324
V.P.,Menon,8125054510, Integration Of The Indian States,12,4.8,66
Tharoor,Shashi,9386021102, Why I Am A Hindu,4,4.4,2010
,unknown,9387067718, Bharatiya Kala Evam Sanskriti,5,4.5,1046
Gabriel,Khan,9386850133, The Dirty Dozen - Hitmen Of Mumbai Mafia,3,4.5,32
Pranab,Mukherjee,8129135744, The Dramatic Decade The Indira Gandhi Years,5,4.4,317
Sumrit,Shahi,8129134853, Never Kiss Your Best Friend,1,4.2,684
Seema,Chishti,9352770102, Note By Note :,4,4,5
Sumrit,Shahi,8129134853, Never Kiss Your Best Friend,1,4.2,684
Rujuta,Diwekar,8184001053, Don'T Lose Your Mind- Lose Your Weight,2,4.3,3440
Chandra,Padmanabhan,8189975749, Simply South: Traditional Vegetarian Cooking,4,4.5,19
Mohanial,Bhaskar,8188575194, An Indian Spy In Pakistan,2,4.4,116
Indu,Bhan,8184006357, Legal Eagles,4,4.3,307
Arjun,Subramaniam,9351777499, India'S Wars,7,4.6,113
Arjun,Subramaniam,9351777499, India'S Wars,7,4.6,113
Caldwell,Esselstyn,1583333002, Prevent And Reverse Heart Disease,9,4.8,4
,unknown,8123027389, India 2018,5,4.4,606
,unknown,9312146734, Pathfinder For Nda & Na National Defence Academy Naval Academy Entrance Examination,7,4.4,3058
Upinder,Singh,8131716775, History Of Ancient And Early Medieval India,7,4.5,890
Nagarkar,Sudeep,8184005849, You'Re The Password To My Life,1,4.3,3013
P,A,8129124912, My Journey - Transforming Dreams Into Actions,1,4.6,3580
Howard,Marks,9353022797, The Most Important Thing,3,4.7,22
Shiprasad,Koirala,8183331475, Net,4,4.3,1325
Johari,Shashank,8173158762, Super Speed Computer Course,2,3.8,70
,Balagurusamy,9352607996, Object-Oriented Programming With C++,5,4.5,276
Shiv,Koirala,8183331033, Sql Server Interview Questions,4,3.9,142
Viktor,Mayer-Schonberger,1848547927, Big Data,4,4.3,64
,Kanetkar,8170297532, Unix Shell Programming 1St Edition,4,4.3,284
Indu,Bhan,8184006357, Legal Eagles,4,4.3,307
R.K.,Bangia,8189530917, Law Of Torts With Consumer Protection Act,6,4.4,238
Napoleon,Hill,8192910911, Think And Grow Rich,1,4.5,2871
Chopra,M.D.,8189988042, The Seven Spiritual Laws Of Success,2,4.4,332
Napoleon,Hill,8180320928, The Law Of Success,6,3,5
Greene,Robert,1861972784, The 48 Laws Of Power,10,4.6,529
A.,C.,9350712539, The 7 Laws Of Clearing Ca Final,1,4.4,160
,,8179925919, The Theory Of Everything 01 Edition,2,4.2,18
Dale,Carnegie,8192910997, How To Win Friends & Influence People - The First And Still The Best Book Of Its Kind On Self-Help,1,4.5,231
Khorshed,Bhavnagri,8184952589, The Laws Of The Spirit World,3,4.4,333
Experts,Arihant,9313165317, Self Study Guide Clat (Common Law Admission Test) 2019,4,4.5,75
P,A,9352864964, Legal Awareness And Legal Reasoning,6,4.5,236
Jerry,Hicks,8189988158, The Law Of Attraction,3,4.3,194
Lakhiani,Vishen,1623367581, Code Of The Extraordinary Mind- The - 10 Unconventional Laws To Redefine Your Life And Succeed On Your Own Terms,6,4.5,47
Abdul,Rashid,9350943182, Basic Laws Of Electromagnetism,1,4.4,290
Hill,Napoleon,8184955561, The Essence Of Law Of Success,2,4.1,82
Canfield,Jack,1409151638, The Key To Living The Law Of Attraction: The Secret To Creating The Life Of Your Dreams,3,4.7,46
Robert,Greene,1861974043, The Concise 48 Laws Of Power,4,4.3,367
SHARMA,ROBIN,9387944891, The 5 Am Club : Own Your Morning- Elevate Your Life,3,4.6,895
,unknown,8175349190, Criminal Manual (Cr.P.C.- I.P.C. & Evidence),5,4.3,119
Allan,Pease,8186775056, Questions Are The Answers,1,4.4,1891
Monika,Halan,9352779398, Lets Talk Money:,3,4.6,138
Surya,Tripathi,9351194736, Introduction To Information Security And Cyber Laws,5,4,10
T.,Robert,8186775811, Rich Dads Business School For People Who Like Helping People,2,4.5,1281
Napoleon,Hill,8184954336, The Essence Of Law Of Success,2,4.3,4
Byrne,Rhonda,8183220940, Rahasya (Hindi Of The Secret),3,4.3,3981
Franz,Kafka,8172345135, Metamorphosis,1,4.4,466
Chetan,Bhagat,8129142147, One Indian Girl,1,4.2,37246
Jane,Austen,8172344503, Pride & Prejudice,2,4.4,629
,,9350642344, Sidharth,1,4.6,30
Coelho,Paulo,8172234988, Alchemist,3,4.6,16859
,unknown,9312149547, All In One English Communicative Cbse Class 10Th,3,4.5,2108
Gajendra,Singh,9312149431, All In One English Language And Literature Cbse Class 9Th,3,4.5,973
William,Hudson,8129135396, An Outline History Of English Literature,1,4.3,324
B.,Prasad,9351380424, A Background To The Study Of English Literature,3,3.9,57
Pandit,Prakash,9350641984, Sahir Ludhianavi,1,4.3,47
William,Shakespeare,8175994193, Macbeth,1,4.4,180
Ruskin,Bond,9351865517, Ruskin Bond Ki Lokpriya Kahaniyan,2, , 
Coelho,Paulo,8172235437, Veronika Decides To Die,3,4.4,1393
F.,Fitzgerald,8172344562, The Great Gatsby,2,4.4,654
Paulo,Coelho,8172235143, The Fifth Mountain,3,4.5,411
of,Panel,9387504999, Oswaal Isc Question Bank Class 12 Eng Lit. Paper 2 For Mar 2019 Exam (Chapterwise & Topicwise),2,4.2,21
S.,Vishnu,8170285593, Yayati,2,4.4,109
Ashwin,Sanghi,9381626812, Chanakya'S Chant,3,4.3,1849
Sheldon,Sidney,8172234902, Tell Me Your Dreams,3,4.5,902
,Amish,9385152149, Ram - Scion Of Ikshvaku,3,4.4,6160
Banerjee,Chitra,9353025982, The Forest Of Enchantments,5,4.9,15
Perumal,Murugan,9386850494, Poonachi Or The Story Of A Black Goat,4,4.7,224
Coelho,Paulo,8172235631, Eleven Minutes,3,4.4,2201
Kohei,Horikoshi,1421582694, My Hero Academia- Vol. 1,4,4.8,11
Rajani,Thindiath,9350853736, Suppandi 3,1,4.4,175
Geronimo,Stilton,9386106256, Geronimo Stilton #64,2,4.5,285
Stilton,Geronimo,9385887750, The Hunt For The Secret Papyrus (Geronimo Stilton: S),4,4.5,331
,Herge,1405206209, Tintin : The Crab With Golden Claws,4,4.8,186
Geronimo,Stilton,9386313219, The Hunt For The Hundredth Key,6,4.5,330
Mohammed,Hanif,8184001894, A Case Of Exploding Mangoes,4,4.4,87
,unknown,9386041138, Thea Stilton And The Hollywood Hoax,3,4.4,241
Geronimo,Stilton,9385887351, Geronimo Stilton #63,2,4.5,108
Geronimo,Stilton,9386313162, Geronimo Stilton,3,4.8,91
,Herge,1405206195, King Ottokar'S Sceptre - King Ottokar'S Sceptre,5,4.7,128
Ghate,Shriya,9350853701, Tantri The Mantri 4,1,4.4,64
Publications,Dreamland,8184511213, World Map,1,4.4,48
Publications,Dreamland,8184511523, India Map,1,4.3,29
Batliwala,Khurshed,9352641345, Ready- Study- Go!: Smart Ways To Learn - Smart Ways To Learn,2,4.4,574
,unknown,9357941495, World Atlas,2,4.3,35
of,Panel,9388036689, Oswaal Cbse Sample Question Paper Class 10 Mathematics (For March 2019 Exam),2,4.5,410
,unknown,9387504921, Oswaal Cbse Question Bank For Class 10 Social Science (Mar 2019 Exam),4,4.4,1539
,unknown,9387504913, Oswaal Cbse Question Bank For Class 10 Science (Mar 2019 Exam),3,4.5,1879
Upinder,Singh,8131716775, History Of Ancient And Early Medieval India,7,4.5,890
,unknown,9350947900, Know Your State - Himachal Pradesh,2,4.3,60
,unknown,9312149601, All In One Science Cbse Class 10Th,4,4.5,3135
Husain,Majid,9352606221, Geography Of India Seventh Edition,7,4.5,3645
K.,J.,1408855658, Harry Potter And The Philosopher'S Stone,3,4.6,5577
of,Panel,9387504832, Oswaal Cbse Question Bank For Class 9 Science (Mar 2019 Exam),3,4.4,272
Poonam,Dahiya,9352603451, Ancient And Medieval India,5,4.6,3498
,unknown,8125056866, The Orient Black Swan School Atlas,4,4.4,707
P,A,8129124912, My Journey - Transforming Dreams Into Actions,1,4.6,3580
Pulkit,Khare,9351410226, Essays For Civil Services And Other Competitive Examinations,1,4.2,985
Pankaj,Goyal,8175994401, Before You Start Up - How To Prepare To Make Your Startup Dream A Reality,2,4.3,29
Vivek,Menon,9350097605, Indian Mammals,11,4.6,324
Singh',Namrata,9387672662, Together With Cbse/Ncert Practice Material Of Social Science Class 10 For 2019 Examination,5,4.2,162
Byrne,Rhonda,1471133443, Secret Hero,8,4.5,527
Arjun,Subramaniam,9351777499, India'S Wars,7,4.6,113
Karthikeyan,M.,9332587353, Internal Security For Civil Services Main Examination (Gs Paper Iii) Second Edition,2,4.3,173
Sebag,Simon,1780220251, Jerusalem: The Biography,5,4.4,66
Kotler',Philip,8126566930, Marketing 4.0 - Moving From Traditional To Digital,4,4.4,64
Ram,Shar,8125026517, Prarambhik Bharat Ka Parichay (Hindi),3,4.3,337
Reddy,Krishna,9387067556, World History - For Civil Services Examination First Edition,3,4.3,821
Bishwanath,Ghosh,9386224984, Gazing At Neighbours - Travels Along The Line That Partitioned India,3,4.2,35
,R.P.Manchanda,9387672417, Together With Cbse/Ncert Practice Material Chapterwise For Class 12 Chemistry For 2019 Examination,5,3.9,26
KHANNA,MUDIT,9352704339, Mudit Khanna'S Self Assessment & Review Medicine (Part A & B) 12Th Edition,18,4.5,33
K.S.,Dr.,9352701038, The Essentials Of Forensic Medicine & Toxicology,6,4.3,69
Rai,Gobind,9352704177, Review Of Pharmacology 12Th Edition 2018 By Gobind Rai Garg- Sparsh Gupta,10,4.7,57
Ray,D.,8183221629, What Your Doctor Doesn'T Know About Nutritional Medicine May Be Killing You,2,4.2,39
Vishram,Singh,8131252914, Textbook Of Anatomy Head- Neck- And Brain; Volume Iii,9,5,8
Strand,MD,8182742757, What Your Doctor Doesn'T Know About Nutritional Medicine May Be Killing You,2,4.5,94
Bruce,Lipton,9380480016, The Biology Of Belief - Unleashing The Power Of Consciousness- Matter & Miracles,3,4.3,646
Swami,Om,9351772624, The Wellness Sense,2,4.5,233
Louise,Hay,8190565583, You Can Heal Your Life,3,4.4,1450
M.,Bhat,9351524167, Srb'S Manual Of Surgery,17,4.5,58
Biswaroop,Dr.,9351656233, Diabities Type 1 & 2,2,3.8,35
Swami,Om,9351368068, A Monk'S Memoir,4,4.5,478
Venkit,Ramakrishnan,9353023238, Gene Machine,6,4.5,26
Trevor,Noah,1473635306, Born A Crime,4,4.7,224
M.,Gandhi,8172343116, The Story Of My Experiments With Truth,2,4.5,239
Kalanithi,Paul,1847923674, When Breath Becomes Air,4,4.6,1873
Arun,Tiwari,8173711461, Wings Of Fire,3,4.6,16362
Thapar,Karan,9352779843, Devil'S Advocate,6,4.6,108
S.,Manu,9351776425, The Ivory Throne,7,4.6,371
Michael,Bar-Zohar,8184958455, Mossad,4,4.5,560
E.,Smith,8175993286, The Autobiography Of Benjamin Franklin,2,4.5,90
Sourav,Ganguly,9386228564, Century Is Not Enough,6,4.7,2653
Das,Kamala,8172238975, My Story,2,4.3,322
Solomon,Northup,8175994479, 12 Years A Slave : - A True Story,2,4.4,56
Rashmi,Bansal,9386850702, Touch The Sky - The Inspiring Stories Of Women From Across India Who Are Writing Their Own Destiny,1,4.3,104
Sacks,Oliver,1447275403, The Man Who Mistook His Wife For A Hat,5,4.6,60
Chris,Hadfield,1447257510, An Astronaut'S Guide To Life On Earth,9,4.5,62
P,A,8129124912, My Journey - Transforming Dreams Into Actions,1,4.6,3580
Mary,M.C.,9351160092, Unbreakable,2,4.5,553
Nayar,Kuldip,9350292203, Without Fear - Pb,2,4.6,557
Mukherjee,Pranab,8129149052, The Coalition Years,4,4.6,207
Pranab,Mukherjee,8129135744, The Dramatic Decade The Indira Gandhi Years,5,4.4,317
Erum,Nazia,8193876717, Mothering A Muslim,2,3.7,3
Arjun,Subramaniam,9351777499, India'S Wars,7,4.6,113
Gilbert,Elizabeth,1408844486, Eat- Pray- Love,5,4.4,185
Yasser,Usman,8193284186, Rekha,3,4.3,127
Verghese,Kurien,8174364072, I Too Had A Dream,5,4.6,365
Marino,Andy,9351770257, Narendra Modi,4,4.5,194
Ruskin,Bond,9386338904, Lone Fox Dancing - My Autobiography,6,4.7,135
Harisinghani,Ajit,8175992948, One Life To Ride,2,4.4,47
Kalam,Abdul,9350641003, Turning Points,2,4.4,235
Swami,Om,9351772624, The Wellness Sense,2,4.5,233
K.,Singh,8129132745, One Life Is Not Enough - An Autobiography,4,4,726
Lokapally,Vijay,9385936263, Driven,4,4.6,542
and,Prabhu',9352773756, If I Had To Tell It Again: A Memoir,2,4.3,8
Prateeksha,Tiwari,8128824287, Corporate Guru Dhirubhai Ambani,1,4.6,44
Yasser,Usman,9386228580, Sanjay Dutt :,3,4.5,122
L.K.,Advani,8129116545, My Country- My Life,4,4.4,49
Rai,Vinod,8129134616, Not Just An Accountant - The Diary Of The Nation'S Conscience Keeper,5,4.4,1009
Rama,Swami,8183222714, Living With The Himalayan Masters,3,4.2,35
Ruskin,Bond,8129144972, The Perfect Murder,1,4.3,279
Teresa,Driscoll,1542046599, I Am Watching You,4,4.2,41
Bhattacharya,Shouvik,9386643723, Murder In A Minute,2,4.4,338
Desai,Salil,8175994258, 3 And A Half Murders - An Inspector Saralkar Mystery,2,4.5,16
Murphy,Dr.,8172345666, The Power Of Your Subconscious Mind - Unlock Your Master Key To Success,2,4.5,631
Sheldon,Sidney,8172234937, The Other Side Of Midnight,3,4.5,386
Jeffrey,Archer,1509867767, Tell Tale,3,4.5,313
Thea,Stilton,8184778546, Thea Stilton Mouseford Academy #8,2,4.4,235
Ashwin,Sanghi,9386850648, Keepers Of The Kalachakra,3,4.4,670
Christopher,Doyle,9385724223, The Secret Of The Druids,3,4.3,182
,Amish,9385152149, Ram - Scion Of Ikshvaku,3,4.4,6160
Ashwin,Sanghi,9381626685, The Krishna Key,3,4.2,3236
Sheldon,Sidney,8172234902, Tell Me Your Dreams,3,4.5,902
Ashwin,Sanghi,9381626812, Chanakya'S Chant,3,4.3,1849
Vish,Dhamija,9380349246, Nothing Lasts Forever,1,4.3,421
Christopher,Doyle,9384030597, The Mahabharata Quest - The Alexander Secret,2,4.4,728
Grisham,John,1473684587, The Reckoning - Some Crimes Make History,3,4,9
Stilton,Geronimo,9385887750, The Hunt For The Secret Papyrus (Geronimo Stilton: S),4,4.5,331
Matthew,Reilly,1409167178, The Three Secret Cities,5,5,22
Miller,Madeline,1526603330, Circe,5,4.5,148
Sidney,Sheldon,8172234856, Nothing Lasts Forever,4,4.5,590
K.,J.,1408855658, Harry Potter And The Philosopher'S Stone,3,4.6,5577
,,8179925919, The Theory Of Everything 01 Edition,2,4.2,18
K.,J.,1408855682, Harry Potter And The Goblet Of Fire,7,4.7,2751
K.,J.,1408855666, Harry Potter And The Chamber Of Secrets,5,4.7,3839
Manish,Dubey,9382665781, A Murder In Gurgaon,1,4.1,68
K.,J.,1408855674, Harry Potter And The Prisoner Of Azkaban,4,4.6,3250
Anand,Neelakantan,9386224445, The Rise Of Sivagami,2,4.4,2442
Narasimhan,Bhanumathi,9386850575, Gurudev - On The Plateau Of The Peak - The Life Of Sri Sri Ravi Shankar,4,4.7,60
Geronimo,Stilton,9351035492, The Enchanted Charms,5,4.5,796
K.,J.,1408855704, Harry Potter And The Half-Blood Prince,7,4.7,2150
Novoneel,Chakraborty,8184005962, Marry Me- Stranger,1,4.4,2980
Keller,Jeff,9351772071, Attitude Is Everything,1,4.5,5887
Monika,Halan,9352779398, Lets Talk Money:,3,4.6,138
SHARMA,ROBIN,9387944891, The 5 Am Club : Own Your Morning- Elevate Your Life,3,4.6,895
Murphy,Dr.,8172345666, The Power Of Your Subconscious Mind - Unlock Your Master Key To Success,2,4.5,631
Venkit,Ramakrishnan,9353023238, Gene Machine,6,4.5,26
T.,Robert,8186775811, Rich Dads Business School For People Who Like Helping People,2,4.5,1281
Dale,Carnegie,8192910997, How To Win Friends & Influence People - The First And Still The Best Book Of Its Kind On Self-Help,1,4.5,231
Robin,Sharma,8179922324, Who Will Cry When You Die?,1,4.4,5611
Murphy,Joseph,8183224008, The Power Of Your Subconscious Mind,2,4.5,66
Ray,Dalio,1501124021, Principles,10,4.8,80
Trevor,Noah,1473635306, Born A Crime,4,4.7,224
Arun,Tiwari,8173711461, Wings Of Fire,3,4.6,16362
Allan,Pease,8186775056, Questions Are The Answers,1,4.4,1891
Shiv,Khera,9382951717, You Can Win,3,4.5,6129
Duhigg,Charles,1847946240, The Power Of Habit,4,4.4,1682
Bryan,Peterson,1607748509, Understanding Exposure- Fourth Edition,9,4.6,18
Murphy,Dr.,8172345666, The Power Of Your Subconscious Mind - Unlock Your Master Key To Success,2,4.5,631
Doug,Harman,1786481324, The Digital Photography Handbook,6, , 
Angela,Pierce,1681858711, Digital Photography For Beginners,5, , 
,,1879505622, In The Blink Of An Eye,10,4.6,65
Bhatia',Shivesh,9353023114, Bake With Shivesh,8, , 
Vivek,Menon,9350097605, Indian Mammals,11,4.6,324
Connor,Franta,1471163571, Note To Self,6,4.6,202
Camus,Albert,1857152786, Plague- Fall- Exile And The Kingdom And Selected Essays,9,4.7,34
Atul,Thakur,9385285637, India Now And In Transition,8, , 
Tharoor,Shashi,9386021102, Why I Am A Hindu,4,4.4,2010
Roy',Himanshu,9332587337, Indian Political Thought - Themes And Thinkers Second Edition,3,4.4,87
Marx,Karl,8175994142, Capital (Das Kapital),5,4.3,251
Yuval,Harari,1784703931, Homo Deus,4,4.5,338
Dulat',A.S.,9352779258, The Spy Chronicles: Raw- Isi And The Illusion Of Peace,7,4.5,381
Subrata,Mukherjee,8120343891, A History Of Political Thought,4,4.3,229
Marino,Andy,9351770257, Narendra Modi,4,4.5,194
M.,Laxmikanth,9352603869, Bharat Ki Rajvyavastha,5,4.5,3230
Ravish,Kumar,8126727675, Ishq Mein Shahar Hona,1,4.3,272
,NCERT,8174506136, Political Theory Textbook For Class Xi 1 Edition,0,4.3,134
Arun,Tiwari,8173711461, Wings Of Fire,3,4.6,16362
Aparna,Sinha,9382665765, Ashvamedha - The Game Of Power,1,4.4,76
P,A,9352643836, Pathways To Greatness,2,4.6,483
S.,Zaidi,9350295725, Headley And I,4,4.2,46
Experts,Arihant,9313166127, 15 Sample Question Political Science Class 12 Cbse,1,4.8,20
Swami,Vivekanand,8170289262, Inspiring Thoughts,1,4.1,499
,unknown,9312147307, General Knowledge 2019,0,4.3,8181
Experts,Arihant,9313169886, Current Affairs Yearly 2019,1,4.7,9
Arun,Tiwari,8173711461, Wings Of Fire,3,4.6,16362
Norman,Lewis,8183071007, Word Power Made Easy,1,4.4,25786
Gajendra,Singh,9312149431, All In One English Language And Literature Cbse Class 9Th,3,4.5,973
,Balagurusamy,9352607996, Object-Oriented Programming With C++,5,4.5,276
,unknown,9312149601, All In One Science Cbse Class 10Th,4,4.5,3135
,unknown,9352831802, Physics For Class 10 - Includes Model Test Papers As Per The Latest Marking Scheme,4,4.5,935
A.,Tushar,8193769716, Manorama Yearbook 2019 First Edition,3,4.6,1126
,unknown,9352036034, Handbook Of Physics,1,4.4,3318
,unknown,9312149598, All In One Mathematics Cbse Class 10Th,3,4.5,1137
,unknown,8193550714, 10 Years Solved Papers: Icse Class 10 For 2019 Examination,8,4.5,629
,unknown,9352831810, Chemistry For Class 10 - Includes Model Test Papers As Per The Latest Marking Scheme,5,4.6,945
Karna,Binay,9384761540, General Knowledge - Lucent Gk Book,2,4.4,6418
,unknown,9387504921, Oswaal Cbse Question Bank For Class 10 Social Science (Mar 2019 Exam),4,4.4,1539
R.,Aggarwal,9352534026, Quantitative Aptitude For Competitive Examinations 2017 Edition,6,4.4,15290
,unknown,9387504913, Oswaal Cbse Question Bank For Class 10 Science (Mar 2019 Exam),3,4.5,1879
,unknown,9387504905, Oswaal Cbse Question Bank For Class 10 English Communication (Mar 2019 Exam),4,4.4,759
,unknown,9387949222, Objective Ncert At Your Fingertips For Neet-Aiims - Biology,8,4.4,492
John,Walkenbach,8126558946, Microsoft Excel 2016 Bible,11,4,55
Sharma',Sanjay,9312146998, Exploring Biology Vol.-1 For Neet,7,4.5,244
,unknown,8123027389, India 2018,5,4.4,606
,unknown,9312149687, All In One Science Cbse Class 9Th,3,4.5,1078
,unknown,9312149547, All In One English Communicative Cbse Class 10Th,3,4.5,2108
,unknown,9313161400, Cbse Biology Chapterwise Solved Papers Class 12Th,2,4.5,508
Vishram,Singh,8131252914, Textbook Of Anatomy Head- Neck- And Brain; Volume Iii,9,5,8
Indu,Gupta,9312149008, All In One Chemistry Cbse Class 12Th,3,4.5,889
H,Verma,8177092324, Concepts Of Physics 2 1St  Edition,4,4.5,7142
,DK,1409323498, The Animal Book,8,4.6,5
C,H,8177091875, Concepts Of Physics (Volume - 1) 1St  Edition,4,4.5,9500
Ray,Dalio,1501124021, Principles,10,4.8,80
Hema,Batra,9312149024, All In One Biology Cbse Class 12Th,3,4.4,407
K.V.S,Madaan,9332551731, Cbse Ugc Net/Set/Jrf,3,4.4,2001
,,8179925919, The Theory Of Everything 01 Edition,2,4.2,18
Nipendra,Bhatnagar,9351416348, Ncert Solutions Physics Class 11Th,1,4.3,677
S.,Manu,9351776425, The Ivory Throne,7,4.6,371
,unknown,9352036042, Handbook Of Chemistry,2,4.4,2893
R.,Khurmi,8121906288, Mechanical Engineering,7,4.3,5214
K.,B.,8172235011, Light On Yoga,4,4.5,591
M.,Amit,9313166755, 11 Yeaars Solved Papers 2018-2008 Mca Entrances,3,4.3,38
,Amish,9382618341, Oath Of The Vayuputras,4,4.4,8408
,Balagurusamy,9351343200, Programming In Java- 5E,7,4.3,1252
Preeti,Gupta,9312148311, All In One Chemistry Cbse Class 11Th,4,4.4,848
Publications,Dreamland,8184511523, India Map,1,4.3,29
Duhigg,Charles,1847946240, The Power Of Habit,4,4.4,1682
Easy,Made,9351472019, A Handbook For Electronics Engineering,3,4.4,345
Ashwin,Sanghi,9386850648, Keepers Of The Kalachakra,3,4.4,670
,ETS,9352607376, The Official Guide To The Gre General Test Third Edition,12,4.6,586
Keshav,Mohan,9312148990, All In One Physics Cbse Class 12Th,4,4.5,949
,unknown,9312148346, All In One English Core Cbse Class 11Th,3,4.4,777
RAJAGOPALACHARI,C.,8172764766, Mahabharata,3,4.4,353
Burke,Hedges,8182744466, Copycat Marketing 101,1,4.3,548
S.,Loney,9351762238, The Elements Of Coordinate Geometry Part-1 Cartesian Coordinates,1,4.5,840
Publications,Dreamland,9350896540, My Baby Record Book,2,4.2,48
Pabrai,Mohnish,8126564636, Dhandho Investor The Low-Risk Value Method To High Returns,4,4.3,181
Experts,Arihant,9351762645, Ncert Exemplar Problems-Solutions Mathematics Class 10Th - Detailed Explanation To All Objective & Subjective Problems,1,4.4,2526
,unknown,9312149032, All In One English Core Cbse Class 12Th,3,4.5,1248
S.,Sanyal,8177096052, Reactions-Rearrangements & Reagents-Sanyal,2,4.4,835
M.,Abrams,8131526356, A Glossary Of Literary Terms,3,4.4,685
,unknown,9350597292, Principles And Practices Of Banking,6,4.5,567
Experts,Arihant,9351764494, Ncert Exemplar Problems-Solutions Physics Class 11Th,1,4.4,999
,unknown,9312148885, Indian Navy Secondary Ssr Guide 2018,2,4.2,556
,unknown,9386348713, The Ancient Science Of Mantras - Wisdom Of The Sages,4,4.5,228
Murphy,Dr.,8172345666, The Power Of Your Subconscious Mind - Unlock Your Master Key To Success,2,4.5,631
Devdutt,Pattanaik,8129137704, My Gita,2,4.5,2702
and,Sadhguru',9352643925, Adiyogi,2,4.6,1377
,,8179926877, The Greatest Salesman In The World,1,4.5,185
Swami,Om,9351772624, The Wellness Sense,2,4.5,233
Richard,Dawkins,1784161926, The God Delusion,6,4.6,245
M.,Gandhi,8172343116, The Story Of My Experiments With Truth,2,4.5,239
Satishchandra,Chatterjee,8129111950, An Introducation To Indian Philosophy,1,4.5,759
Paulo,Coelho,8172235151, The Devil And Miss Prym,3,4.3,189
Radhakrishnan,S.,8172238452, The Hindu View Of Life,2,4.3,170
Yogananda,Paramahansa,8190256211, Yogi Kathamrit,3,4.5,370
Giri,Yukteswar,8189535196, The Only Science,1,4.6,83
Swami,Om,9351368068, A Monk'S Memoir,4,4.5,478
Y.,Masih,8120808541, Introduction To Religious Philosophy,4,4.1,31
Paulo,Coelho,8186685693, Alchemist,2,4.4,694
Joseph,Murphy,8183225101, Miracles Of Your Mind,1,4.3,1399
Pattanaik,Devdutt,9352641957, Shiva To Shankara,3,4.6,104
,Sadhguru,8184953089, Of Mystics & Mistakes,3,4.6,105
Shubha,Vilas,9384225762, The Chronicles Of Hanuman,4,4.8,29
Pattanaik,Devdutt,9353332303, Ramayana Versus Mahabharata - My Playful Comparison,2,4.6,101
Gautam,Ghosh,8129101491, The Prophet Of Modern India,3,4.5,253
Narasimhan,Bhanumathi,9386850575, Gurudev - On The Plateau Of The Peak - The Life Of Sri Sri Ravi Shankar,4,4.7,60
T.,Rangarajan,8183225705, Unposted Letter,3,4.6,874
J.,Krishnamurti,1846042135, Freedom From The Known,2,4.6,169
Robert,Svoboda,8171673422, Aghora: At The Left Hand Of God,2,4.5,484
Frawley,David,9388038630, What Is Hinduism?,6,5,5
,Osho,1250006201, The Book Of Children,4,4.5,31
,Osho,8121611369, Jeene Ke Prishtha,2, , 
Radhakrishnan,S.,8172238983, Bhagavadgita,4,4.6,172
Kavita,Kane,8129144514, Lanka'S Princess,2,4.5,235
Gopalakrishnan,Geeta,9353023904, My Grandmother'S Tweets: Inspired By Avvaiyar'S Ancient Wisdom,4, , 
Gopalakrishnan,Geeta,9353023904, My Grandmother'S Tweets: Inspired By Avvaiyar'S Ancient Wisdom,4, , 
Arun,Shourie,9352645049, Two Saints,6,4.7,75
Yogananda,Paramahamsa,8189535072, Journey To Self Realization,2,4.8,47
Swami,Rama,8183225454, Meditation And Its Practice,1,4,28
Sriphani,P,9382203966, Srimadandhra Bhagavatam - Pravachanam - Brahamsri Chaganti Koteswara Rao,7,4.7,41
David,Hare,1846044952, The Buddha In Me- The Buddha In You,7,4.8,8
Savi,Sharma,9386224399, This Is Not Your Story,1,4.3,5133
Vageria,Arpit,9387022080, Be My Perfect Ending,1,4.4,473
Arpit,Vageria,9382665889, You Are My Reason To Smile,1,4.3,902
Ajay,Pandey,9382665870, Her Last Wish,1,4.5,2431
Sharma,Savi,9386036754, Everyone Has A Story,1,4.3,7731
Preeti,Shenoy,9380349300, Life Is What You Make It,1,4.1,10007
Lamba,Anil,9350294311, Romancing The Balance Sheet,7,4.5,352
Nagarkar,Sudeep,8184005849, You'Re The Password To My Life,1,4.3,3013
Jeffrey,Archer,1509867767, Tell Tale,3,4.5,313
Sudeep,Nagarkar,9385990004, She Friend-Zoned My Love,1,4.6,1429
Banerjee,Chitra,9353025982, The Forest Of Enchantments,5,4.9,15
Banerjee,Chitra,9353025982, The Forest Of Enchantments,5,4.9,15
Chetan,Bhagat,8129124025, Half Girlfriend,2,4.4,684
Devanshi,Sharma,9382665846, No Matter What I Do - I End Up Falling For You,1,4.2,475
Vish,Dhamija,9380349246, Nothing Lasts Forever,1,4.3,421
Sheldon,Sidney,8172234937, The Other Side Of Midnight,3,4.5,386
Sachin,Garg,8192222667, It'S First Love!,2,4.2,733
Anuj,Tiwari,8129149567, I Tagged Her In My Heart,1,4.5,452
Yogananda,Paramahansa,8189535056, The Divine Romance: Collected Talks And Essays On Realizing God In Daily Life (Volumes - 2),2,4.8,32
Preeti,Shenoy,9383260688, The One You Cannot Have,2,4.2,1785
Preeti,Shenoy,9386036452, It'S All In The Planets,2,4.3,732
Sheldon,Sidney,8172234864, Bloodline,4,4.5,362
Gray,John,8172235038, Men Are From Mars- Women Are From Venus,3,4.4,2581
Erich,Segal,1444776967, Love Story,1,4.3,910
Sheldon,Sidney,8172234791, The Stars Shine Down,3,4.4,129
Sidney,Sheldon,8172234856, Nothing Lasts Forever,4,4.5,590
Meyer,Stephenie,1904233910, Eclipse,4,4.5,558
,,8179925919, The Theory Of Everything 01 Edition,2,4.2,18
Albert,Einstein,9380914229, Relativity,2,4.5,1121
,unknown,9387504913, Oswaal Cbse Question Bank For Class 10 Science (Mar 2019 Exam),3,4.5,1879
,unknown,9312149601, All In One Science Cbse Class 10Th,4,4.5,3135
,unknown,9384761141, Lucent'S General Science,2,4.2,1903
,unknown,9386348713, The Ancient Science Of Mantras - Wisdom Of The Sages,4,4.5,228
W.Malemnganba,Chenglei,9312146475, Ugc Net Physical Science,7,4.4,224
,unknown,9312147501, All In One Science Class 8Th,2,4.5,341
,unknown,9352831810, Chemistry For Class 10 - Includes Model Test Papers As Per The Latest Marking Scheme,5,4.6,945
of,Panel,9388036662, Oswaal Cbse Sample Question Paper Class 10 Science (For March 2019 Exam),1,4.6,350
,unknown,9352831802, Physics For Class 10 - Includes Model Test Papers As Per The Latest Marking Scheme,4,4.5,935
,unknown,9352831829, Biology For Class 10 (2019 Exam) - Includes Model Test Papers As Per The Latest Marking Scheme,4,4.5,939
,unknown,9383643242, A Handbook For Computer Science /It Engineering,2,4.3,490
,unknown,9312149687, All In One Science Cbse Class 9Th,3,4.5,1078
,unknown,9387504921, Oswaal Cbse Question Bank For Class 10 Social Science (Mar 2019 Exam),4,4.4,1539
Seema,Sekhri,8120352394, Textbook Of Fabric Science,3,4.5,19
Experts,Arihant,9312147420, All In One Social Science Class 6,1,4.5,138
Singh',Lakhmir,9352530241, Lakhmir Singh'S Science Book-8- 1/E,5,4.3,35
TEAM,ARIHANT,9313166607, Magbook General Science 2019,2,4.3,64
Experts,Disha,9388026330, Olympiad Champs Science Class 4 With Past Olympiad Questions 3Rd Edition,1,4.3,18
Experts,Disha,9388026764, 19 Years Gate Computer Science & Information Technology Chapter-Wise & Topic-Wise Solved Papers (2018 - 2000) With 4 Online Practice Sets 5Th Edition,2,4.2,46
K.V.S,Madaan,9332551731, Cbse Ugc Net/Set/Jrf,3,4.4,2001
of,Panel,9388036573, Oswaal Cbse Sample Question Paper Class 9 Science (For March 2019 Exam),2,4.4,35
of,Panel,9388036670, Oswaal Cbse Sample Question Paper Class 10 Social Science (For March 2019 Exam),2,4.5,248
,unknown,9312140329, Ctet & Tets Previous Year' Solved Papers Mathematics & Science Class Vi-Viii,2,4.2,356
,unknown,9312147307, General Knowledge 2019,0,4.3,8181
Minni,Goyal,9312149091, All In One Computer Science Cbse Class 12Th,3,4.5,261
,unknown,9350944308, Handbook Of Computer Science & It,1,4.2,950
,unknown,9312147528, All In One Social Science Class 8Th,2,4.4,345
,unknown,9311130796, Social Science & Pedagogy For Ctet & Tets Class Vi-Viii,2,4.2,140
,unknown,9312149598, All In One Mathematics Cbse Class 10Th,3,4.5,1137
,unknown,9312140221, Ctet Success Master Science Social/Studies Paper-Ii For Class Vi-Viii,4,4.3,567
Experts,Disha,9388026365, Science With Past Olympiad Questions For Class 5 Third Edition,1,4.2,25
Upreti,Dr,9351415708, Ncert Solutions - Science For Class Ix,1,4.5,370
Experts,Disha,9388026292, Olympiad Champs Science Class 3 With Past Olympiad Questions 3Rd Edition,1,4.6,22
,Xamidea,9387516881, Xam Idea Complete Course Social Science Class 10 -2018,4,4.4,200
Books,Gurukul,9387660451, 10 Last Years Solved Papers (Hsc) - Science - Maharashtra Board Class 12 For 2019 Examination,10,4.2,22
of,Panel,9387504832, Oswaal Cbse Question Bank For Class 9 Science (Mar 2019 Exam),3,4.4,272
Karna,Binay,9384761540, General Knowledge - Lucent Gk Book,2,4.4,6418
Anil,Ahlawat,9387351580, National Science Olympiad Workbook (Nso) - Class 2,0,4.5,15
Upreti,Dr,9351415708, Ncert Solutions - Science For Class Ix,1,4.5,370
Editorial,MTG,9387949818, 10 Years Cbse Champion Chapterwise-Topicwise Social Science -Class- 10,2,4.7,62
Joseph,Dr.,8192910962, The Power Of Your Subconscious Mind,1,4.5,4640
Napoleon,Hill,8192910911, Think And Grow Rich,1,4.5,2871
Keller,Jeff,9351772071, Attitude Is Everything,1,4.5,5887
Duhigg,Charles,1847946240, The Power Of Habit,4,4.4,1682
Coelho,Paulo,8172234988, Alchemist,3,4.6,16859
Dale,Carnegie,8192910997, How To Win Friends & Influence People - The First And Still The Best Book Of Its Kind On Self-Help,1,4.5,231
Stephen,Covey,1471131823, The 7 Habits Of Highly Effective People,5,4.4,2290
Dale,Carnegie,8175993952, How To Stop Worrying And Start Living,1,4.4,93
SHARMA,ROBIN,9387944891, The 5 Am Club : Own Your Morning- Elevate Your Life,3,4.6,895
Robin,Sharma,8179922324, Who Will Cry When You Die?,1,4.4,5611
Batliwala,Khurshed,9352641345, Ready- Study- Go!: Smart Ways To Learn - Smart Ways To Learn,2,4.4,574
Gray,John,8172235038, Men Are From Mars- Women Are From Venus,3,4.4,2581
Rhonda,Byrne,1471172392, The Secret,5,4.2,1395
Joseph,Murphy,8183225101, Miracles Of Your Mind,1,4.3,1399
Preeti,Shenoy,9380349300, Life Is What You Make It,1,4.1,10007
Radhakrishnan,Pillai,8129144441, Chanakya In Daily Life,2,4.4,1023
Shiv,Khera,9382951717, You Can Win,3,4.5,6129
Sadhguru,Vasudev,9386867508, Emotion & Relationships,2,4.6,1150
Singhal',Aditi,8184005210, How To Memorize Anything - The Ultimate Handbook To Explore And Improve Your Memory,3,4.3,598
Blanchard,Kenneth,8172234996, One Minute Manager,1,4.4,1087
Louise,Hay,8190565583, You Can Heal Your Life,3,4.4,1450
Tracy,Brian,9350291606, Kiss That Frog!,1,4.4,248
Marshall,Goldsmith,1781251568, What Got You Here Won'T Get You There,3,4.4,446
Sharma,Robin,8184951191, The Leader Who Had No Title,2,4.4,1344
Dale,Carnegie,8184302614, The Art Of Public Speaking,2,3.9,52
Rhonda,Byrne,1849838399, The Magic,3,4.4,2498
Patel,D.,9386850567, The Heartfulness Way - Heart - Based Meditations For Spiritual Transformation,2,4.7,479
J.,David,1785040472, The Magic Of Thinking Big,3,4.5,2001
Ashwin,Sanghi,9386224763, 13 Steps To Bloody Good Marks,1,4.3,140
J.,David,8184952422, You Can Read Anyone,4,4.4,13
Allan,Pease,8186775056, Questions Are The Answers,1,4.4,1891
,,8179926877, The Greatest Salesman In The World,1,4.5,185
Ray,Dalio,1501124021, Principles,10,4.8,80
,unknown,8180320235, Know Your Worth - Stop Thinking- Start Doing,3,4.3,36
Robin,Sharma,8184959893, Little Black Book For Stunning Success + Tools For Action Mastery,3,4.4,104
Arpit,Vageria,9382665889, You Are My Reason To Smile,1,4.3,902
Sudhir,Dixit,8183220185, Time Management,1,4.2,302
Napoleon,Hill,8183223133, Think And Grow Rich - Magic Formula For Success- Wealth And Wisdom,3,4.3,196
of,Panel,9388036689, Oswaal Cbse Sample Question Paper Class 10 Mathematics (For March 2019 Exam),2,4.5,410
Trivedi,Deep,9384850098, I Am The Mind,2,4.3,577
T.,Rangarajan,8183225705, Unposted Letter,3,4.6,874
,unknown,8184952007, Don'T Polish Your Ignorance - It May Shine,3,4.5,122
Singhania,Nitin,9387067548, Indian Art And Culture - For Civil Services Preliminary And Main Examinations Second Edition,5,4.6,5444
,unknown,9387504921, Oswaal Cbse Question Bank For Class 10 Social Science (Mar 2019 Exam),4,4.4,1539
Murphy,Dr.,8175993669, The Power Of Your Subconscious Mind,2,4.4,678
Tom,Butler-Bowdon,1473658284, 50 Self-Help Classics,5,5,6
Napoleon,Hill,8180320928, The Law Of Success,6,3,5
Byrne,Rhonda,8183220940, Rahasya (Hindi Of The Secret),3,4.3,3981
Kalam,Abdul,9350293471, Turning Points : A Journey Through Challanges,2,4.5,4059
Ashwin,Sanghi,9384030570, 13 Steps To Bloody Good Luck,1,4.1,1457
Ranjeet,Shahi,9313163306, 40 Years' Chapterwise Topicwise Solved Papers (2018-1979) Iit Jee Chemistry - 40 Years Chapterwise Topicwise Solved Papers Iit Jee Chemistry With 0 Disc,3,4.5,1712
Marks,Howard,1473680379, Mastering The Market Cycle,10,4.5,16
Rashmi,Bansal,9386850702, Touch The Sky - The Inspiring Stories Of Women From Across India Who Are Writing Their Own Destiny,1,4.3,104
Indu,Gupta,9312149008, All In One Chemistry Cbse Class 12Th,3,4.5,889
Holiday,Ryan,1781257019, Ego Is The Enemy,5,4.6,146
Burke,Hedges,8182744466, Copycat Marketing 101,1,4.3,548
Robert,Kiyoski,8183223753, Panakkara Thanthai Yezhai Thanthai,3,4.4,600
T.,Robert,8186775218, Rich Dad Poor Dad,2,4.4,5259
,DK,1405391243, The Psychology Book,13,4.8,32
Swami,Vivekanand,8170289262, Inspiring Thoughts,1,4.1,499
Mel,Robbins,1682612384, The 5 Second Rule,7,4.8,76
Sharma,Arun,9352606949, How To Prepare For Logical Reasoning For Common Admission Test & Other Management Examinations Fourth Edition,6,4.5,2379
Sharma,Robin,8179924947, Sanyasi Jisne Apani Samati Bech Di,2,4.4,464
,unknown,9312149601, All In One Science Cbse Class 10Th,4,4.5,3135
Board,Editorial,9387958574, Xam Idea Chemistry Class 12,6,4.5,63
Byrne,Rhonda,8183222056, Secret ( Tamil ),3,4.5,1112
Napoleon,Hill,8183220797, Success,2,4.3,97
Broadcast,TV18,9387860191, Everything You Wanted To Know About Stock Market Investing,4,4.3,35
Robin,Sharma,8179923274, Discover Your Destiny - With The Monk Who Sold His Ferrari,3,4.5,659
D.,Pandey,9312147188, Understanding Physics For Jee Main & Advanced Electricity & Magnetism,4,4.6,983
,unknown,9351473635, Gate 2019: Mechanical Engineering - Previous Solved Papers - Includes 32 Years Solved Papers,7,4.4,985
and,Sadhguru',9352643925, Adiyogi,2,4.6,1377
Louise,Hay,9381431922, Mirror Work,4,4.2,32
Byrne,Rhonda,1471133443, Secret Hero,8,4.5,527
Lokhande',Navanath,8183225039, How To Get From Where You Are To Where You Want To Be - The 25 Principles Of Success,3,4.6,16
of,Panel,9387504832, Oswaal Cbse Question Bank For Class 9 Science (Mar 2019 Exam),3,4.4,272
T.,Robert,8186775811, Rich Dads Business School For People Who Like Helping People,2,4.5,1281
TRACY,BRIAN,8183221785, Lakshya,2,4.3,128
,unknown,9387504921, Oswaal Cbse Question Bank For Class 10 Social Science (Mar 2019 Exam),4,4.4,1539
of,Panel,9388036670, Oswaal Cbse Sample Question Paper Class 10 Social Science (For March 2019 Exam),2,4.5,248
,Xamidea,9387516881, Xam Idea Complete Course Social Science Class 10 -2018,4,4.4,200
Experts,Arihant,9312147420, All In One Social Science Class 6,1,4.5,138
,unknown,9312140221, Ctet Success Master Science Social/Studies Paper-Ii For Class Vi-Viii,4,4.3,567
,unknown,9312147528, All In One Social Science Class 8Th,2,4.4,345
,unknown,9311130796, Social Science & Pedagogy For Ctet & Tets Class Vi-Viii,2,4.2,140
of,Panel,9386659964, Oswaal Cbse Question Bank Social Science For Class 8 (March 2018 Exam),2,4.1,78
Singh',Namrata,9387672662, Together With Cbse/Ncert Practice Material Of Social Science Class 10 For 2019 Examination,5,4.2,162
Experts,Arihant,9311121924, Workbook Social Science Cbse- Class 6 - Class 6,1,4.4,93
Singh',Namrata,9387840107, Together With Ncert Social Science Practice Material For Class 9,4,4.4,196
Sudha,Rastogi,8122421741, Social Science,7,4.3,204
of,Panel,9388036573, Oswaal Cbse Sample Question Paper Class 9 Science (For March 2019 Exam),2,4.4,35
Giri,Yukteswar,8189535196, The Only Science,1,4.6,83
C.,Rau,8121924030, Sociology Of Indian Society,8,4.1,100
Shankar,Rao,8121910366, Sociology,6,4.2,369
Ram,Ahuja,8131606279, Social Problems In India,4,4.3,618
Venkit,Ramakrishnan,9353023238, Gene Machine,6,4.5,26
D.,Jindal,9352774531, One Minute Superdad,2,3.9,15
,Amish,9385152149, Ram - Scion Of Ikshvaku,3,4.4,6160
Yuval,Harari,1784703931, Homo Deus,4,4.5,338
Kalanithi,Paul,1847923674, When Breath Becomes Air,4,4.6,1873
Orwell,George,8192910903,1984,1,4.5,339
Thapar,Karan,9352779843, Devil'S Advocate,6,4.6,108
F.,Fitzgerald,8172344562, The Great Gatsby,2,4.4,654
Tharoor,Shashi,9386021102, Why I Am A Hindu,4,4.4,2010
,Amish,9382618341, Oath Of The Vayuputras,4,4.4,8408
Duhigg,Charles,1847946240, The Power Of Habit,4,4.4,1682
Ashwin,Sanghi,9386850648, Keepers Of The Kalachakra,3,4.4,670
Hosseini,Khaled,1408844443, A Thousand Splendid Suns,4,4.5,2540
Ajay,Pandey,9382665870, Her Last Wish,1,4.5,2431
J.,Krishnamurti,1846042135, Freedom From The Known,2,4.6,169
Franz,Kafka,8172345135, Metamorphosis,1,4.4,466
Amish,Tripathi,9381626340, The Secret Of The Nagas,3,4.6,6674
James,Crabtree,9353020174, The Billionaire Raj,6,4.4,45
Greene,Robert,1861972784, The 48 Laws Of Power,10,4.6,529
Devdutt,Pattanaik,9386224046, 7 Secrets Of Shiva,3,4.6,131
Coelho,Paulo,8172235631, Eleven Minutes,3,4.4,2201
,Bandyopadhyay,8125057234, From Plassey To Partition And After A History Of Modern India,3,4.5,622
Das,Kamala,8172238975, My Story,2,4.3,322
Sharma,Robin,8184951191, The Leader Who Had No Title,2,4.4,1344
Chetan,Bhagat,8129135515, The 3 Mistakes Of My Life,1,4.4,4808
Joseph,Josy,9350297515, A Feast Of Vultures,8,4.5,195
Raghuram,Rajan,9352770145, I Do What I Do,6,4.6,2416
Keval,Kumar,8172243731, Mass Communication In India,2,4.4,523
Coelho,Paulo,8172235437, Veronika Decides To Die,3,4.4,1393
Rajiv,Malhotra,8191067374, Breaking India,10,4.7,773
Rajiv,Malhotra,8191067374, Breaking India,10,4.7,773
,Yogananda,8189955357, Auto.Of A Yogi (Telugu),2,4.5,59
Woolf,Virginia,8175994215, Mrs. Dalloway,2,4.3,24
Amish,Tripathi,8193432002, Immortal India,2,4.3,782
Singhal',Aditi,8184005210, How To Memorize Anything - The Ultimate Handbook To Explore And Improve Your Memory,3,4.3,598
Napoleon,Hill,9562913244, Think And Grow Rich,7,5,2
Sukla,Srilal,8126713968, Raag Darbari,3,4.6,474
Yogananda,Paramahansa,8190256211, Yogi Kathamrit,3,4.5,370
Anand,Neelakantan,9381576033, Ajaya: Book 1,3,4.3,667
Sourav,Ganguly,9386228564, Century Is Not Enough,6,4.7,2653
Chris,Bowers,9381506841, Federer,4,4.5,35
Mary,M.C.,9351160092, Unbreakable,2,4.5,553
Caioli,Luca,1785782312, Ronaldo 2018 Updated Edition,3,4.3,26
Rajdeep,Sardesai,9386228483, Democracy'S Xi,6,4.6,198
Herbert,Ian,1472937333, Quiet Genius,4,4.8,4
Ayaz,Memon,8184955235, M S Dhoni - Captain Cool,2,4.3,133
Michael,Bar-Zohar,8184958455, Mossad,4,4.5,560
,Amish,9385152149, Ram - Scion Of Ikshvaku,3,4.4,6160
and,Mirza',9351362639, Ace Against Odds,4,4.4,252
Anuja,Chauhan,9385724835, The Zoya Factor,3,4.4,88
Das,Suprita,9353024552, Free Hit: The Story Of Women'S Cricket In India,4, , 
,DK,1405344377, Strength Training,10,4.6,13
,unknown,8129141841, The Man-Eating Leopard Of Rudraprayag,2,4.6,37
Joseph,Josy,9350297515, A Feast Of Vultures,8,4.5,195
Lokapally,Vijay,9385936263, Driven,4,4.6,542
S.,Giridhar,8132117387, Mid-Wicket Tales,5,4.4,27
Batliwala,Khurshed,9352641345, Ready- Study- Go!: Smart Ways To Learn - Smart Ways To Learn,2,4.4,574
K.V.S,Madaan,9332551731, Cbse Ugc Net/Set/Jrf,3,4.4,2001
Pease',Barbara,8183220142, The Definitive Book Of Body Language,4,4.4,643
of,Staff,1250127556, 50 Successful Harvard Application Essays,4,4,5
Natarajan,Dr.,8184955693, Ssb Interview - The Complete Guide,2,4.3,3371
A.,Yunus,9339223195, Heat And Mass Transfer : Fundamentals And Applications 5 Edition,7,4.4,270
Duflo',Esther,8184002807, Poor Economics: Rethinking Poverty & The Ways To End It,6,4.6,177
,,8179925919, The Theory Of Everything 01 Edition,2,4.2,18
R.,Khurmi,8121906288, Mechanical Engineering,7,4.3,5214
V.,Mehta,8121920973, Objective Electrical Technology,7,4.3,2905
,unknown,9350944308, Handbook Of Computer Science & It,1,4.2,950
Kumar,Santosh,8174090479, Irrigation Engineering And Hydraulic Structures 1St  Edition,8,4.5,191
Experts,Disha,9388026764, 19 Years Gate Computer Science & Information Technology Chapter-Wise & Topic-Wise Solved Papers (2018 - 2000) With 4 Online Practice Sets 5Th Edition,2,4.2,46
Ranjan,Amiya,8120351398, Practical Boiler Operation Engineering And Power Plant,7,4.3,185
,unknown,9383643242, A Handbook For Computer Science /It Engineering,2,4.3,490
Brown,Keith,8131733661, Hughes Electrical And Electronic Technology 10Th  Edition,10,4.4,189
Sharma,Suresh,8131243745, Communication And Educational Technology In Nursing,7,4.5,21
Experts,Arihant,9313166461, Solved Papers For Manipal Engineering 2018,3,4.6,10
K.,Mahadevan,8123923155, Design Data Handbook For Mechanical Engineering In Si And Metric Units,5,4.3,661
Et,RAJAN,8120340957, Heat Treatment : Principles & Techniques- 2/E 2Nd Edition,5,4.4,58
,Balagurusamy,9352607996, Object-Oriented Programming With C++,5,4.5,276
of,Panel,9387504956, Oswaal Cbse Question Bank For Class 10 Infor Mation Tech. (Mar 2019 Exam),2,4.4,35
Goel|Alka,Er.Ankit,9312148222, Electronics And Communication Engineering Gate 2019,8,4.4,222
,unknown,9332551820, Introduction To Finite Elements In Engineering,8,4.4,40
,unknown,9388026586, 24 Years Upsc Ias/ Ips Prelims Topic-Wise Solved Papers 1 & 2 (1995-2018),4,4.5,2348
D.,Pandey,9313163292, 40 Years' Chapterwise Topicwise Solved Papers (2018-1979) Iit Jee Physics,3,4.5,1603
V.,Mehta,8121924960, Principles Of Power System,6,4.4,608
,NCERT,8174506489, Chemistry (Class Xii) (Part I) 1 Edition,2,4.3,666
Nidhi,Goel,9351416119, Ncert Solutions Physics 12Th,1,4.2,650
,unknown,9312149547, All In One English Communicative Cbse Class 10Th,3,4.5,2108
Vishram,Singh,8131252914, Textbook Of Anatomy Head- Neck- And Brain; Volume Iii,9,5,8
Ashokkumar,Yogambal,8120346033, Textbook Of Bakery And Confectionery 2Nd  Edition,3,4.4,133
Erach,Bharucha,8173718628, Textbook Of Environmental Studies For Undergraduate Courses,3,4.3,434
,unknown,9352531965, A Textbook Of Organic Chemistry,11,4.4,22
Experts,Arihant,9311121924, Workbook Social Science Cbse- Class 6 - Class 6,1,4.4,93
Arun,Tiwari,8173711461, Wings Of Fire,3,4.6,16362
EDITORIAL,MTG,9387747425, Ncert Text Book+Exemplar Problems-Solutions Mathematics Class 10,2,4.3,16
,NCERT,8174506136, Political Theory Textbook For Class Xi 1 Edition,0,4.3,134
Seema,Sekhri,8120352394, Textbook Of Fabric Science,3,4.5,19
Bhattacharya,Shouvik,9386643723, Murder In A Minute,2,4.4,338
Ruskin,Bond,8129144972, The Perfect Murder,1,4.3,279
Desai,Salil,8175994258, 3 And A Half Murders - An Inspector Saralkar Mystery,2,4.5,16
Teresa,Driscoll,1542046599, I Am Watching You,4,4.2,41
Jeffrey,Archer,1509867767, Tell Tale,3,4.5,313
Sheldon,Sidney,8172234937, The Other Side Of Midnight,3,4.5,386
Murphy,Dr.,8172345666, The Power Of Your Subconscious Mind - Unlock Your Master Key To Success,2,4.5,631
Amish,Tripathi,9386224585, Sita,3,4.6,7022
Bajpai,Vineet,9352685482, Harappa - Curse Of The Blood River,1,4.4,614
Ashwin,Sanghi,9386850648, Keepers Of The Kalachakra,3,4.4,670
F.,Fitzgerald,8172344562, The Great Gatsby,2,4.4,654
Vish,Dhamija,9380349246, Nothing Lasts Forever,1,4.3,421
Ashwin,Sanghi,9381626685, The Krishna Key,3,4.2,3236
Anand,Neelakantan,9386224445, The Rise Of Sivagami,2,4.4,2442
Sheldon,Sidney,8172234864, Bloodline,4,4.5,362
V,K,9385936948, The 30 Seconds Thrillers,4,4.5,15
Miller,Madeline,1526603330, Circe,5,4.5,148
Sheldon,Sidney,8172234902, Tell Me Your Dreams,3,4.5,902
Grisham,John,1473684587, The Reckoning - Some Crimes Make History,3,4,9
,Amish,9385152149, Ram - Scion Of Ikshvaku,3,4.4,6160
Ashwin,Sanghi,9381626812, Chanakya'S Chant,3,4.3,1849
,Amish,9382618341, Oath Of The Vayuputras,4,4.4,8408
Christopher,Doyle,9385724223, The Secret Of The Druids,3,4.3,182
K.,J.,1408855674, Harry Potter And The Prisoner Of Azkaban,4,4.6,3250
Matthew,Reilly,1409167178, The Three Secret Cities,5,5,22
Manish,Dubey,9382665781, A Murder In Gurgaon,1,4.1,68
Michael,Bar-Zohar,8184958455, Mossad,4,4.5,560
Sidney,Sheldon,8172234856, Nothing Lasts Forever,4,4.5,590
BISHWANATH,GHOSH,9380032862, Chai- Chai: Travels In Places Where You Stop But Never Get Off,2,4,135
RAJESH,MONISHA,8174369139, Around India In 80 Trains,4,3.9,117
Kipling,Rudyard,9380914415, Tales From India,3,4.5,8
Coelho,Paulo,8172234988, Alchemist,3,4.6,16859
Publications,Dreamland,8184511213, World Map,1,4.4,48
Publications,Dreamland,8184511523, India Map,1,4.3,29
,,8179925919, The Theory Of Everything 01 Edition,2,4.2,18
Harisinghani,Ajit,8175992948, One Life To Ride,2,4.4,47
Wilkinson,Isambard,9388038177, Travels In A Dervish Cloak,5, , 
Dalrymple,William,9385936549, The Age Of Kali Indian Travels And Encounters,5,4.8,13
Bishwanath,Ghosh,9386224984, Gazing At Neighbours - Travels Along The Line That Partitioned India,3,4.2,35
,,8179926877, The Greatest Salesman In The World,1,4.5,185
Joseph,Murphy,8183225101, Miracles Of Your Mind,1,4.3,1399
Nagarkar,Sudeep,8184005849, You'Re The Password To My Life,1,4.3,3013
Vivek,Menon,9350097605, Indian Mammals,11,4.6,324
Kalanithi,Paul,1847923674, When Breath Becomes Air,4,4.6,1873
S.,Manu,9351776425, The Ivory Throne,7,4.6,371
and,Sadhguru',9352643925, Adiyogi,2,4.6,1377
Michael,Bar-Zohar,8184958455, Mossad,4,4.5,560
Swami,Om,9351368068, A Monk'S Memoir,4,4.5,478
Joseph,Josy,9350297515, A Feast Of Vultures,8,4.5,195
Das,Kamala,8172238975, My Story,2,4.3,322
Kalam,Abdul,8170286840, Inspiring Thoughts,2,4.2,357
Solomon,Northup,8175994479, 12 Years A Slave : - A True Story,2,4.4,56
,unknown,9386797143, Aap & Down: An Insider'S Story Of India'S Most Controversial Party - An Insider'S Story Of India'S Most Controversial Party,3,4.7,18
Yasser,Usman,8193284186, Rekha,3,4.3,127
Gabriel,Khan,9386850133, The Dirty Dozen - Hitmen Of Mumbai Mafia,3,4.5,32
Kavita,Kane,8129144514, Lanka'S Princess,2,4.5,235
Prachi,Garg,9382665897, Supercouples - Inspiring Stories Of Couple - Preneurs,1, , 
Ruskin,Bond,9386338904, Lone Fox Dancing - My Autobiography,6,4.7,135
K.,Singh,8129132745, One Life Is Not Enough - An Autobiography,4,4,726
Basharat,Peer,8184000901, Curfewed Night,4,4.5,612
,unknown,9386867168, Commando - Mossad,4,4.4,30
Freny,Manecksha,8129145715, Behold- I Shine,1,4.5,49
S.,Zaidi,9350295725, Headley And I,4,4.2,46
and,Zaidi',9351362256, Byculla To Bangkok,2,4.4,458
and,Mirza',9351362639, Ace Against Odds,4,4.4,252
Rai,Vinod,8129134616, Not Just An Accountant - The Diary Of The Nation'S Conscience Keeper,5,4.4,1009
Banerjee,Robin,9351500616, Who Cheats And How?: Scams- Fraud And The Dark Side Of The Corporate World - Scams- Fraud And The Dark Side Of The Corporate World,5,4.6,11
Ghose,Sagarika,9386228343, Indira - India'S Most Powerful Prime Minister,5,4.5,149
Rahul,Chandan,9350335603, Kps Gill,3,4.5,86
PAUSCH,RANDY,8183223583, The Last Lecture,2,4.3,21
Markus,Zusak,1909531618, The Book Thief,4,4.5,558
Forman,Gayle,1909531235, If I Stay,3,4.3,638
Tharoor,Shashi,9386021102, Why I Am A Hindu,4,4.4,2010
Stephen,Chbosky,1451696191, The Perks Of Being A Wallflower,2,4.5,1897
Ruskin,Bond,8129118920, Great Stories For Children,1,4.4,2909
Rainbow,Rowell,1447263227, Fangirl,3,4.4,632
K.,J.,1408855658, Harry Potter And The Philosopher'S Stone,3,4.6,5577
Dale,Carnegie,8192910997, How To Win Friends & Influence People - The First And Still The Best Book Of Its Kind On Self-Help,1,4.5,231
Orwell,George,8192910903,1984,1,4.5,339
K.,J.,1408855666, Harry Potter And The Chamber Of Secrets,5,4.7,3839
James,Dashner,1911077031, The Fever Code,3,4.4,162
Aveyard,Victoria,1409150747, Glass Sword,2,4.6,112
K.,J.,1408855682, Harry Potter And The Goblet Of Fire,7,4.7,2751
,DK,1409323498, The Animal Book,8,4.6,5
Marissa,Meyer,1509818022, Heartless - Before She Was The Queen Of Hearts She Was Just A Girl Who Wanted To Fall In Love,5,4.3,19
K.,J.,1408855674, Harry Potter And The Prisoner Of Azkaban,4,4.6,3250
Paul,Harrington,1847386938, The Secret To Teen Power,5,4.5,207
K.,J.,1408855690, Harry Potter And The Order Of The Phoenix,7,4.8,2441
Geronimo,Stilton,9385887815, Geronimo Stilton And The Kingdom Of Fantasy #8,5,4.5,626
K.,J.,1408855712, Harry Potter And The Deathly Hallows,6,4.7,2083
Samhita,Arni,9380340036, Sita'S Ramayana,8,4.1,19
Dashner,James,9351039684, The Scorch Trials,3,4.6,180
,unknown,9386041901, Tom Gates #10,3,4.6,94
